Workbook

Sheet PRODUCTOS
A1: CODIGO | B1: ORD | C1: RUBRO | D1: PRECIO | E1: NEW | F1: MELI | G1: CARPETA | H1: EAN | I1: LINEA1 | J1: LINEA2 | K1: LINEA3 | L1: LINEA4
A2: D-AS100 | C2: Aspiradoras | D2: =IFERROR(VLOOKUP(A2,DAIHATSU!A:B,2,FALSE),"AGOTADO") -> 24900 | G2: FOTOS1 | H2: =IFERROR(VLOOKUP(A2,EAN!A:C,3,FALSE),"") -> '7799199013900 | I2: Aspiradora de auto con cable | J2: Capacidad: 320 ml | K2: Potencia: 90W | L2: Voltaje: 12V (puerto encendedor del auto)
A3: D-AS101 | C3: Aspiradoras | D3: =IFERROR(VLOOKUP(A3,DAIHATSU!A:B,2,FALSE),"AGOTADO") -> 33900 | G3: FOTOS1 | H3: =IFERROR(VLOOKUP(A3,EAN!A:C,3,FALSE),"") -> '7799199013900 | I3: Aspiradora de mano inalámbrica | J3: Capacidad: 320ml | K3: Potencia: 60w | L3: Recargable mediante puerto USB
A4: D-AS102 | C4: Aspiradoras | D4: =IFERROR(VLOOKUP(A4,DAIHATSU!A:B,2,FALSE),"AGOTADO") -> 38900 | G4: FOTOS1 | H4: =IFERROR(VLOOKUP(A4,EAN!A:C,3,FALSE),"") -> '7799199013924 | I4: Aspiradora de mano inalámbrica | J4: Capacidad: 395 ml | K4: Potencia: 80W | L4: Recargable mediante puerto USB
A5: D-AS200 | C5: Aspiradoras | D5: =IFERROR(VLOOKUP(A5,DAIHATSU!A:B,2,FALSE),"AGOTADO") -> 135900 | G5: FOTOS1 | H5: =IFERROR(VLOOKUP(A5,EAN!A:C,3,FALSE),"") -> '7799199015720 | I5: Aspiradora inalámbrica Vertical y De Mano | J5: Capacidad: 500 ml | K5: Potencia: 120W | L5: Recargable mediante puerto USB
A6: D-AS201 | C6: Aspiradoras | D6: =IFERROR(VLOOKUP(A6,DAIHATSU!A:B,2,FALSE),"AGOTADO") -> 145900 | G6: FOTOS1 | H6: =IFERROR(VLOOKUP(A6,EAN!A:C,3,FALSE),"") -> '7799199015737 | I6: Aspiradora inalámbrica Vertical y De Mano | J6: Capacidad: 800ML | K6: Potencia: 120W | L6: Voltaje: 22.2Vá
A7: D-AS300 | C7: Aspiradoras | D7: =IFERROR(VLOOKUP(A7,DAIHATSU!A:B,2,FALSE),"AGOTADO") -> 57900 | G7: FOTOS1 | H7: =IFERROR(VLOOKUP(A7,EAN!A:C,3,FALSE),"") -> '7799199015744 | I7: Aspiradora Vertical con cableá | J7: Capacidad: 800ML | K7: Potencia: 600W | L7: Voltaje: 220 - 240 V - 50/60 Hz
A8: D-AS400 | C8: Aspiradoras | D8: =IFERROR(VLOOKUP(A8,DAIHATSU!A:B,2,FALSE),"AGOTADO") -> 79900 | G8: FOTOS1 | H8: =IFERROR(VLOOKUP(A8,EAN!A:C,3,FALSE),"") -> '7799199015751 | I8: Aspiradora con bolsa lavable | J8: Capacidad: 1 L | K8: Potencia: 1400W | L8: Voltaje: 220 - 240 V - 50/60 Hz
A9: D-AS500 | C9: Aspiradoras | D9: =IFERROR(VLOOKUP(A9,DAIHATSU!A:B,2,FALSE),"AGOTADO") -> 89900 | G9: FOTOS1 | H9: =IFERROR(VLOOKUP(A9,EAN!A:C,3,FALSE),"") -> '7799199015768 | I9: Aspiradora Ciclónica sin bolsa | J9: Capacidad: 1.5 L | K9: Potencia: 1400W | L9: Voltaje: 220 - 240 V - 50/60 Hz
A10: D-AU100-BK | C10: Auriculares | D10: =IFERROR(VLOOKUP(A10,DAIHATSU!A:B,2,FALSE),"AGOTADO") -> 3900 | G10: FOTOS1 | H10: =IFERROR(VLOOKUP(A10,EAN!A:C,3,FALSE),"") | I10: Auricular Con Cable, Micrófono Manos Libres | J10: Sensibilidad de 96 dB | K10: Largo Cable 1200mm. Jack: 3.5mm | L10: Frecuencia: 20Hz- 20KHz
A11: D-AU100-WE | C11: Auriculares | D11: =IFERROR(VLOOKUP(A11,DAIHATSU!A:B,2,FALSE),"AGOTADO") -> 3900 | G11: FOTOS1 | H11: =IFERROR(VLOOKUP(A11,EAN!A:C,3,FALSE),"") | I11: Auricular Con Cable, Micrófono Manos Libres | J11: Sensibilidad de 96 dB | K11: Largo Cable 1200mm. Jack: 3.5mm | L11: Frecuencia: 20Hz- 20KHz
A12: D-AU102-WE | C12: Auriculares | D12: =IFERROR(VLOOKUP(A12,DAIHATSU!A:B,2,FALSE),"AGOTADO") -> 10900 | G12: FOTOS1 | H12: =IFERROR(VLOOKUP(A12,EAN!A:C,3,FALSE),"") -> '7798019955376 | I12: Auricular Vincha | J12: Largo del cable: 1 metro | K12: Largo del cable: 1 metro | L12: Frecuencia: 20Hz- 20KHz
A13: D-AU103-BR | C13: Auriculares | D13: =IFERROR(VLOOKUP(A13,DAIHATSU!A:B,2,FALSE),"AGOTADO") -> 3900 | G13: FOTOS1 | H13: =IFERROR(VLOOKUP(A13,EAN!A:C,3,FALSE),"") | I13: Auricular Con Cable | J13: Sensibilidad. 116dB. | K13: Largo Cable 1130mm. Jack: 3.5mm | L13: Frecuencia: 20Hz- 20KHz
... A23: D-AU519-WE | C23: Auriculares | D23: =IFERROR(VLOOKUP(A23,DAIHATSU!A:B,2,FALSE),"AGOTADO") -> 19500 | G23: FOTOS1 | H23: =IFERROR(VLOOKUP(A23,EAN!A:C,3,FALSE),"") -> '7798019955417 | I23: Auricular In-Ear | J23: Alcance: 10 metros | K23: Tiempo de uso: 2-3 horas aprox. | L23: Entrada: DC5V
A24: AX-120B | C24: Calculadoras Casio | D24: =IFERROR(VLOOKUP(A24,'CALC casio'!A:B,2,FALSE),"AGOTADO") -> 27500 | G24: FOTOS1 | H24: =IFERROR(VLOOKUP(A24,EAN!A:C,3,FALSE),"") | I24: Calculadora de Escritorio CASIO | J24: 12 dígitos | K24: Medidas: 175x110,5x25mm | L24: Solar y a Pila
A25: AX-120ST | C25: Calculadoras Casio | D25: =IFERROR(VLOOKUP(A25,'CALC casio'!A:B,2,FALSE),"AGOTADO") -> 36500 | G25: FOTOS1 | H25: =IFERROR(VLOOKUP(A25,EAN!A:C,3,FALSE),"") | I25: Calculadora de Escritorio CASIO | J25: 12 dígitos | K25: Medidas: 175x110,5x25mm | L25: Solar y a Pila
A26: DX-120B | C26: Calculadoras Casio | D26: =IFERROR(VLOOKUP(A26,'CALC casio'!A:B,2,FALSE),"AGOTADO") -> 33500 | G26: FOTOS1 | H26: =IFERROR(VLOOKUP(A26,EAN!A:C,3,FALSE),"") | I26: Calculadora de Escritorio CASIO | J26: 12 dígitos | K26: Medidas: 175x129,5x33mm | L26: Solar y a Pila
A27: DX-12B-BK | C27: Calculadoras Casio | D27: =IFERROR(VLOOKUP(A27,'CALC casio'!A:B,2,FALSE),"AGOTADO") -> 30900 | G27: FOTOS1 | H27: =IFERROR(VLOOKUP(A27,EAN!A:C,3,FALSE),"") | I27: Calculadora de Escritorio CASIO | J27: 12 dígitos | K27: Medidas: 175x129,5x33mm | L27: Solar y a Pila
A28: FX-570ESPLUS2 | C28: Calculadoras Casio | D28: =IFERROR(VLOOKUP(A28,'CALC casio'!A:B,2,FALSE),"AGOTADO") -> 61900 | G28: FOTOS1 | H28: =IFERROR(VLOOKUP(A28,EAN!A:C,3,FALSE),"") | I28: Calculadora científica CASIO | J28: 10+2 dígitos - 417 funciones | K28: Medidas: 161,5x77x13,8mm | L28: Pila
A29: FX-570ESPLUS2BU | C29: Calculadoras Casio | D29: =IFERROR(VLOOKUP(A29,'CALC casio'!A:B,2,FALSE),"AGOTADO") -> 61900 | G29: FOTOS1 | H29: =IFERROR(VLOOKUP(A29,EAN!A:C,3,FALSE),"") | I29: Calculadora científica CASIO | J29: 10+2 dígitos - 417 funciones | K29: Medidas: 161,5x77x13,8mm | L29: Pila
A30: FX-570ESPLUS2PK | C30: Calculadoras Casio | D30: =IFERROR(VLOOKUP(A30,'CALC casio'!A:B,2,FALSE),"AGOTADO") -> 61900 | G30: FOTOS1 | H30: =IFERROR(VLOOKUP(A30,EAN!A:C,3,FALSE),"") | I30: Calculadora científica CASIO | J30: 10+2 dígitos - 417 funciones | K30: Medidas: 161,5x77x13,8mm | L30: Pila
A31: FX-570LAC-W | C31: Calculadoras Casio | D31: =IFERROR(VLOOKUP(A31,'CALC casio'!A:B,2,FALSE),"AGOTADO") -> 79500 | G31: FOTOS1 | H31: =IFERROR(VLOOKUP(A31,EAN!A:C,3,FALSE),"") | I31: Calculadora científica programable CASIO | J31: 10+2 dígitos - 2900 funciones | K31: Medidas: 188,5x89x18,6mm | L31: Pila
A32: FX-82ESPLUS2 | C32: Calculadoras Casio | D32: =IFERROR(VLOOKUP(A32,'CALC casio'!A:B,2,FALSE),"AGOTADO") -> 37900 | G32: FOTOS1 | H32: =IFERROR(VLOOKUP(A32,EAN!A:C,3,FALSE),"") | I32: Calculadora científica CASIO | J32: 10+2 dígitos - 252 funciones | K32: Medidas: 161,5x77x13,8mm | L32: Pila
A33: FX-82ESPLUS2-BU | C33: Calculadoras Casio | D33: =IFERROR(VLOOKUP(A33,'CALC casio'!A:B,2,FALSE),"AGOTADO") -> 37900 | G33: FOTOS1 | H33: =IFERROR(VLOOKUP(A33,EAN!A:C,3,FALSE),"") | I33: Calculadora científica CASIO | J33: 10+2 dígitos - 252 funciones | K33: Medidas: 161,5x77x13,8mm | L33: Pila
A34: FX-82ESPLUS2-PK | C34: Calculadoras Casio | D34: =IFERROR(VLOOKUP(A34,'CALC casio'!A:B,2,FALSE),"AGOTADO") -> 37900 | G34: FOTOS1 | H34: =IFERROR(VLOOKUP(A34,EAN!A:C,3,FALSE),"") | I34: Calculadora científica CASIO | J34: 10+2 dígitos - 252 funciones | K34: Medidas: 161,5x77x13,8mm | L34: Pila
A35: FX-82LACW-W | C35: Calculadoras Casio | D35: =IFERROR(VLOOKUP(A35,'CALC casio'!A:B,2,FALSE),"AGOTADO") -> 47500 | G35: FOTOS1 | H35: =IFERROR(VLOOKUP(A35,EAN!A:C,3,FALSE),"") | I35: Calculadora científica CASIO
A36: FX-82LAPLUS2-BK | C36: Calculadoras Casio | D36: =IFERROR(VLOOKUP(A36,'CALC casio'!A:B,2,FALSE),"AGOTADO") -> 37900 | G36: FOTOS1 | H36: =IFERROR(VLOOKUP(A36,EAN!A:C,3,FALSE),"") | I36: Calculadora científica CASIO | J36: 10+2 dígitos - 252 funciones | K36: Medidas: 161,5x77x13,8mm | L36: Pila
A37: FX-82LAPLUS2-BU | C37: Calculadoras Casio | D37: =IFERROR(VLOOKUP(A37,'CALC casio'!A:B,2,FALSE),"AGOTADO") -> 37900 | G37: FOTOS1 | H37: =IFERROR(VLOOKUP(A37,EAN!A:C,3,FALSE),"") | I37: Calculadora científica CASIO | J37: 10+2 dígitos - 252 funciones | K37: Medidas: 161,5x77x13,8mm | L37: Pila
A38: FX-82LAPLUS2-PK | C38: Calculadoras Casio | D38: =IFERROR(VLOOKUP(A38,'CALC casio'!A:B,2,FALSE),"AGOTADO") -> 37900 | G38: FOTOS1 | H38: =IFERROR(VLOOKUP(A38,EAN!A:C,3,FALSE),"") | I38: Calculadora científica CASIO | J38: 10+2 dígitos - 252 funciones | K38: Medidas: 161,5x77x13,8mm | L38: Pila
A39: FX-82MS-2 | C39: Calculadoras Casio | D39: =IFERROR(VLOOKUP(A39,'CALC casio'!A:B,2,FALSE),"AGOTADO") -> 32500 | G39: FOTOS1 | H39: =IFERROR(VLOOKUP(A39,EAN!A:C,3,FALSE),"") | I39: Calculadora científica CASIO
A40: FX-95ESPLUS2 | C40: Calculadoras Casio | D40: =IFERROR(VLOOKUP(A40,'CALC casio'!A:B,2,FALSE),"AGOTADO") -> 45500 | G40: FOTOS1 | H40: =IFERROR(VLOOKUP(A40,EAN!A:C,3,FALSE),"") | I40: Calculadora científica CASIO | J40: 10+2 dígitos - 274 funciones | K40: Medidas: 161,5x77x13,8mm | L40: Pila
A41: FX-95MS-2 | C41: Calculadoras Casio | D41: =IFERROR(VLOOKUP(A41,'CALC casio'!A:B,2,FALSE),"AGOTADO") -> 42500 | G41: FOTOS1 | H41: =IFERROR(VLOOKUP(A41,EAN!A:C,3,FALSE),"") | I41: Calculadora científica CASIO
A42: FX-991ESPLUS2 | C42: Calculadoras Casio | D42: =IFERROR(VLOOKUP(A42,'CALC casio'!A:B,2,FALSE),"AGOTADO") -> 69900 | G42: FOTOS1 | H42: =IFERROR(VLOOKUP(A42,EAN!A:C,3,FALSE),"") | I42: Calculadora científica CASIO | J42: 10+2 dígitos - 274 funciones | K42: Medidas: 161,5x77x11,1mm | L42: Pila y solar
A43: FX-991ESPLUS2BU | C43: Calculadoras Casio | D43: =IFERROR(VLOOKUP(A43,'CALC casio'!A:B,2,FALSE),"AGOTADO") -> 69900 | G43: FOTOS1 | H43: =IFERROR(VLOOKUP(A43,EAN!A:C,3,FALSE),"") | I43: Calculadora científica CASIO | J43: 10+2 dígitos - 274 funciones | K43: Medidas: 161,5x77x11,1mm | L43: Pila y solar
A44: FX-991ESPLUS2PK | C44: Calculadoras Casio | D44: =IFERROR(VLOOKUP(A44,'CALC casio'!A:B,2,FALSE),"AGOTADO") -> 69900 | G44: FOTOS1 | H44: =IFERROR(VLOOKUP(A44,EAN!A:C,3,FALSE),"") | I44: Calculadora científica CASIO | J44: 10+2 dígitos - 274 funciones | K44: Medidas: 161,5x77x11,1mm | L44: Pila y solar
A45: FX-991LAPLUS2 | C45: Calculadoras Casio | D45: =IFERROR(VLOOKUP(A45,'CALC casio'!A:B,2,FALSE),"AGOTADO") -> 69900 | G45: FOTOS1 | H45: =IFERROR(VLOOKUP(A45,EAN!A:C,3,FALSE),"") | I45: Calculadora científica CASIO | J45: 10+2 dígitos - 274 funciones | K45: Medidas: 161,5x77x11,1mm | L45: Pila y solar
A46: GX-120B | C46: Calculadoras Casio | D46: =IFERROR(VLOOKUP(A46,'CALC casio'!A:B,2,FALSE),"AGOTADO") -> AGOTADO | G46: FOTOS1 | H46: =IFERROR(VLOOKUP(A46,EAN!A:C,3,FALSE),"") | I46: Calculadora de Escritorio CASIO | J46: 12 dígitos | K46: Medidas: 207,5x159,5x34mm | L46: Solar y a Pila
A47: GX-12B-BK | C47: Calculadoras Casio | D47: =IFERROR(VLOOKUP(A47,'CALC casio'!A:B,2,FALSE),"AGOTADO") -> 35500 | G47: FOTOS1 | H47: =IFERROR(VLOOKUP(A47,EAN!A:C,3,FALSE),"") | I47: Calculadora de Escritorio CASIO | J47: 12 dígitos | K47: Medidas: 207,5x159,5x34mm | L47: Solar y a Pila
A48: GX-12B-WE | C48: Calculadoras Casio | D48: =IFERROR(VLOOKUP(A48,'CALC casio'!A:B,2,FALSE),"AGOTADO") -> 35500 | G48: FOTOS1 | H48: =IFERROR(VLOOKUP(A48,EAN!A:C,3,FALSE),"") | I48: Calculadora de Escritorio CASIO | J48: 12 dígitos | K48: Medidas: 207,5x159,5x34mm | L48: Solar y a Pila
A49: HR-100RC | C49: Calculadoras Casio | D49: =IFERROR(VLOOKUP(A49,'CALC casio'!A:B,2,FALSE),"AGOTADO") -> 118500 | G49: FOTOS1 | H49: =IFERROR(VLOOKUP(A49,EAN!A:C,3,FALSE),"") | I49: Calculadora con Impresor CASIO | J49: 12 dígitos - 2 colores - 2.0 líneas por seg. | K49: Medidas: 295x165x64,6mm | L49: Pila o Fuente (No Incluida)
A50: HR-150RC | C50: Calculadoras Casio | D50: =IFERROR(VLOOKUP(A50,'CALC casio'!A:B,2,FALSE),"AGOTADO") -> 148500 | G50: FOTOS1 | H50: =IFERROR(VLOOKUP(A50,EAN!A:C,3,FALSE),"") | I50: Calculadora con Impresor CASIO | J50: 12 dígitos - 2 colores - 2.0 líneas por seg. | K50: Medidas: 313x195x64,6mm | L50: Pila o Fuente (No Incluida)
A51: HR-8RC-BK | C51: Calculadoras Casio | D51: =IFERROR(VLOOKUP(A51,'CALC casio'!A:B,2,FALSE),"AGOTADO") -> AGOTADO | G51: FOTOS1 | H51: =IFERROR(VLOOKUP(A51,EAN!A:C,3,FALSE),"") | I51: Calculadora con Impresor CASIO | J51: 12 dígitos - 1.6 líneas por seg. | K51: Medidas: 208x102x42mm | L51: Pila o Fuente (No Incluida)
A52: HR-8RC-WE | C52: Calculadoras Casio | D52: =IFERROR(VLOOKUP(A52,'CALC casio'!A:B,2,FALSE),"AGOTADO") -> 86500 | G52: FOTOS1 | H52: =IFERROR(VLOOKUP(A52,EAN!A:C,3,FALSE),"") | I52: Calculadora con Impresor CASIO | J52: 12 dígitos - 1.6 líneas por seg. | K52: Medidas: 208x102x42mm | L52: Pila o Fuente (No Incluida)
A53: LC-160LV-BK | C53: Calculadoras Casio | D53: =IFERROR(VLOOKUP(A53,'CALC casio'!A:B,2,FALSE),"AGOTADO") -> 7500 | G53: FOTOS1 | H53: =IFERROR(VLOOKUP(A53,EAN!A:C,3,FALSE),"") | I53: Calculadora de Bolsillo CASIO | J53: 8 dígitos, con Tapa | K53: Medidas: 87x117,5x8mm | L53: Pila
... A76: MX-12B-WE | C76: Calculadoras Casio | D76: =IFERROR(VLOOKUP(A76,'CALC casio'!A:B,2,FALSE),"AGOTADO") -> 18500 | G76: FOTOS1 | H76: =IFERROR(VLOOKUP(A76,EAN!A:C,3,FALSE),"") | I76: Calculadora de Escritorio CASIO | J76: 12 dígitos | K76: Medidas: 149,5x105x22,8mm | L76: Solar y a Pila
A77: FX-991LACW | C77: Calculadoras Casio | D77: =IFERROR(VLOOKUP(A77,'CALC casio'!A:B,2,FALSE),"AGOTADO") -> 88500 | G77: FOTOS1 | I77: Calculadora científica CASIO | J77: 12 dígitos | K77: Medidas: 161,5x77x11,1mm | L77: Pila y solar
A78: D-E1200T | C78: Calculadoras Daihatsu | D78: =IFERROR(VLOOKUP(A78,'CALC daihatsu'!A:B,2,FALSE),"AGOTADO") -> 15900 | G78: FOTOS1 | H78: =IFERROR(VLOOKUP(A78,EAN!A:C,3,FALSE),"") | I78: Calculadora de Escritorio DAIHATSU | J78: 12 dígitos | K78: Medidas: 140x100x34mm | L78: Solar y a Pila
A79: D-E1205 | C79: Calculadoras Daihatsu | D79: =IFERROR(VLOOKUP(A79,'CALC daihatsu'!A:B,2,FALSE),"AGOTADO") -> 15900 | G79: FOTOS1 | H79: =IFERROR(VLOOKUP(A79,EAN!A:C,3,FALSE),"") | I79: Calculadora de Escritorio DAIHATSU | J79: 12 dígitos | K79: Medidas: 130x107x34mm | L79: Solar y a Pila
A80: D-E1240-B | C80: Calculadoras Daihatsu | D80: =IFERROR(VLOOKUP(A80,'CALC daihatsu'!A:B,2,FALSE),"AGOTADO") -> 16900 | G80: FOTOS1 | H80: =IFERROR(VLOOKUP(A80,EAN!A:C,3,FALSE),"") | I80: Calculadora de Escritorio DAIHATSU | J80: 12 dígitos | K80: Medidas: 160x106x18,5mm | L80: Solar y a Pila
A81: D-E1240-W | C81: Calculadoras Daihatsu | D81: =IFERROR(VLOOKUP(A81,'CALC daihatsu'!A:B,2,FALSE),"AGOTADO") -> 16900 | G81: FOTOS1 | H81: =IFERROR(VLOOKUP(A81,EAN!A:C,3,FALSE),"") | I81: Calculadora de Escritorio DAIHATSU | J81: 12 dígitos | K81: Medidas: 160x106x18,5mm | L81: Solar y a Pila
A82: D-E1275-BK | C82: Calculadoras Daihatsu | D82: =IFERROR(VLOOKUP(A82,'CALC daihatsu'!A:B,2,FALSE),"AGOTADO") -> 13900 | G82: FOTOS1 | H82: =IFERROR(VLOOKUP(A82,EAN!A:C,3,FALSE),"") | I82: Calculadora de Escritorio DAIHATSU | J82: 12 dígitos | K82: Medidas: 160x106x18,5mm | L82: Solar y a Pila
A83: D-E1275-WE | C83: Calculadoras Daihatsu | D83: =IFERROR(VLOOKUP(A83,'CALC daihatsu'!A:B,2,FALSE),"AGOTADO") -> 13900 | G83: FOTOS1 | H83: =IFERROR(VLOOKUP(A83,EAN!A:C,3,FALSE),"") | I83: Calculadora de Escritorio DAIHATSU | J83: 12 dígitos | K83: Medidas: 160x106x18,5mm | L83: Solar y a Pila
A84: D-E1280-BK | C84: Calculadoras Daihatsu | D84: =IFERROR(VLOOKUP(A84,'CALC daihatsu'!A:B,2,FALSE),"AGOTADO") -> 13900 | G84: FOTOS1 | H84: =IFERROR(VLOOKUP(A84,EAN!A:C,3,FALSE),"") | I84: Calculadora de Escritorio DAIHATSU | J84: 12 dígitos | K84: Medidas: 160x100x18,5mm | L84: Solar y a Pila
A85: D-E1280-WE | C85: Calculadoras Daihatsu | D85: =IFERROR(VLOOKUP(A85,'CALC daihatsu'!A:B,2,FALSE),"AGOTADO") -> 13900 | G85: FOTOS1 | H85: =IFERROR(VLOOKUP(A85,EAN!A:C,3,FALSE),"") | I85: Calculadora de Escritorio DAIHATSU | J85: 12 dígitos | K85: Medidas: 160x100x18,5mm | L85: Solar y a Pila
A86: D-E1285-BK | C86: Calculadoras Daihatsu | D86: =IFERROR(VLOOKUP(A86,'CALC daihatsu'!A:B,2,FALSE),"AGOTADO") -> 16900 | G86: FOTOS1 | H86: =IFERROR(VLOOKUP(A86,EAN!A:C,3,FALSE),"") | I86: Calculadora de Escritorio DAIHATSU | J86: 12 dígitos | K86: Medidas: 170x110x18,5mm | L86: Solar y a Pila
A87: D-E1285-WE | C87: Calculadoras Daihatsu | D87: =IFERROR(VLOOKUP(A87,'CALC daihatsu'!A:B,2,FALSE),"AGOTADO") -> 16900 | G87: FOTOS1 | H87: =IFERROR(VLOOKUP(A87,EAN!A:C,3,FALSE),"") | I87: Calculadora de Escritorio DAIHATSU | J87: 12 dígitos | K87: Medidas: 170x110x18,5mm | L87: Solar y a Pila
A88: D-I100T-BK | C88: Calculadoras Daihatsu | D88: =IFERROR(VLOOKUP(A88,'CALC daihatsu'!A:B,2,FALSE),"AGOTADO") -> 104900 | G88: FOTOS1 | H88: =IFERROR(VLOOKUP(A88,EAN!A:C,3,FALSE),"") | I88: Calculadora eléctrica con Impresor DAIHATSU | J88: 12 dígitos - 2 colores - Funciona con Papel Termico | K88: Velocidad de impresión: 2,03 líneas/seg | L88: 4xAA o Fuente (No Incluida)
A89: D-I100T-WE | C89: Calculadoras Daihatsu | D89: =IFERROR(VLOOKUP(A89,'CALC daihatsu'!A:B,2,FALSE),"AGOTADO") -> 104900 | G89: FOTOS1 | H89: =IFERROR(VLOOKUP(A89,EAN!A:C,3,FALSE),"") | I89: Calculadora eléctrica con Impresor DAIHATSU | J89: 12 dígitos - 2 colores - Funciona con Papel Termico | K89: Velocidad de impresión: 2,03 líneas/seg | L89: 4xAA o Fuente (No Incluida)
... A100: D-X95 | C100: Calculadoras Daihatsu | D100: =IFERROR(VLOOKUP(A100,'CALC daihatsu'!A:B,2,FALSE),"AGOTADO") -> 19900 | G100: FOTOS1 | H100: =IFERROR(VLOOKUP(A100,EAN!A:C,3,FALSE),"") | I100: Calculadora Cientìfica DAIHATSU | J100: 10+2 dígitos, 244 funciones | K100: Medidas: 158x84x17mm | L100: Pila
A101: D-AF6500-B | C101: Cocina | D101: =IFERROR(VLOOKUP(A101,DAIHATSU!A:B,2,FALSE),"AGOTADO") -> AGOTADO | G101: FOTOS1 | H101: =IFERROR(VLOOKUP(A101,EAN!A:C,3,FALSE),"") -> '7799199015959 | I101: Freidora de Aire 6.5 L D-AF6510 | Negro | J101: Potencia de 1750 W | K101: Control de temperatura ajustable de 80 ºC a 200 ºC. | L101: Peso: 5,05 kg.
A102: D-AF6510-B | C102: Cocina | D102: =IFERROR(VLOOKUP(A102,DAIHATSU!A:B,2,FALSE),"AGOTADO") -> AGOTADO | G102: FOTOS1 | H102: =IFERROR(VLOOKUP(A102,EAN!A:C,3,FALSE),"") -> '7799199017830 | I102: Freidora de Aire 6.5 L D-AF6510 | Negro | J102: Potencia de 1750 W | K102: Control de temperatura ajustable de 80 ºC a 200 ºC. | L102: Peso: 5,05 kg.
A103: D-AF6510-W | C103: Cocina | D103: =IFERROR(VLOOKUP(A103,DAIHATSU!A:B,2,FALSE),"AGOTADO") -> AGOTADO | G103: FOTOS1 | H103: =IFERROR(VLOOKUP(A103,EAN!A:C,3,FALSE),"") -> '7799199017830 | I103: Freidora de Aire 6.5 L D-AF6510 | Blanco | J103: Potencia de 1750 W | K103: Control de temperatura ajustable de 80 ºC a 200 ºC. | L103: Peso: 5,05 kg.
A104: D-CF1000 | C104: Cocina | D104: =IFERROR(VLOOKUP(A104,DAIHATSU!A:B,2,FALSE),"AGOTADO") -> AGOTADO | G104: FOTOS1 | H104: =IFERROR(VLOOKUP(A104,EAN!A:C,3,FALSE),"") -> '7799199017861 | I104: Cafetera de filtro | J104: Capacidad: 1,25 L (hasta 10 tazas) | K104: Potencia: 750 W | L104: Filtro permanente reutilizable
A105: D-CF2000 | C105: Cocina | D105: =IFERROR(VLOOKUP(A105,DAIHATSU!A:B,2,FALSE),"AGOTADO") -> 189900 | G105: FOTOS1 | H105: =IFERROR(VLOOKUP(A105,EAN!A:C,3,FALSE),"") | I105: Cafetera Espresso | J105: Capacidad: 2 L | K105: Potencia: 1600 W, Presión: 20 bares | L105: Espumador de leche
A106: D-CF3000 | C106: Cocina | D106: =IFERROR(VLOOKUP(A106,DAIHATSU!A:B,2,FALSE),"AGOTADO") -> 429900 | G106: FOTOS1 | H106: =IFERROR(VLOOKUP(A106,EAN!A:C,3,FALSE),"") | I106: Cafetera Espresso con molinillo | J106: Contenedor de granos de café | K106: Potencia: 1600 W, Presión: 20 bares | L106: Espumador de leche, Incluye adaptador para capsulas tipo Nespresso
A107: D-CF4000-B | C107: Cocina | D107: =IFERROR(VLOOKUP(A107,DAIHATSU!A:B,2,FALSE),"AGOTADO") -> 136900 | G107: FOTOS1 | H107: =IFERROR(VLOOKUP(A107,EAN!A:C,3,FALSE),"") | I107: Cafetera Espresso D-CF4000 | Negro | J107: Capacidad: 1,25 L (hasta 10 tazas) | K107: Potencia: 1500 W, Presión: 20 bares | L107: Espumador de leche, Incluye adaptador para capsulas tipo Nespresso
A108: D-CF4000-W | C108: Cocina | D108: =IFERROR(VLOOKUP(A108,DAIHATSU!A:B,2,FALSE),"AGOTADO") -> 136900 | G108: FOTOS1 | H108: =IFERROR(VLOOKUP(A108,EAN!A:C,3,FALSE),"") | I108: Cafetera Espresso D-CF4000 | Blanco | J108: Capacidad: 1,25 L (hasta 10 tazas) | K108: Potencia: 1500 W, Presión: 20 bares | L108: Espumador de leche
A109: D-COR150-B | C109: Cocina | D109: =IFERROR(VLOOKUP(A109,DAIHATSU!A:B,2,FALSE),"AGOTADO") -> 111900 | E109: SI | G109: FOTOS1 | H109: =IFERROR(VLOOKUP(A109,EAN!A:C,3,FALSE),"") -> '7799199016031 | I109: Cortadora de Alimentos | Negro | J109: Motor de 150 Wá | K109: Disco de 170 mm de acero inoxidable | L109: Grosor regulable de corte, entre 0 y 15 mm
A110: D-COR150-S | C110: Cocina | D110: =IFERROR(VLOOKUP(A110,DAIHATSU!A:B,2,FALSE),"AGOTADO") -> 111900 | E110: SI | G110: FOTOS1 | H110: =IFERROR(VLOOKUP(A110,EAN!A:C,3,FALSE),"") -> '7799199016031 | I110: Cortadora de Alimentos | Plateado | J110: Motor de 150 Wá | K110: Disco de 170 mm de acero inoxidable | L110: Grosor regulable de corte, entre 0 y 15 mm
A111: D-ES300-B | C111: Cocina | D111: =IFERROR(VLOOKUP(A111,DAIHATSU!A:B,2,FALSE),"AGOTADO") -> 54900 | G111: FOTOS1 | H111: =IFERROR(VLOOKUP(A111,EAN!A:C,3,FALSE),"") -> '7799199017854 | I111: Espumador de leche | J111: Capacidad: 300 ml | K111: Potencia: 500 W | L111: Espuma fría o caliente
A112: D-MW1-20MB | C112: Cocina | D112: =IFERROR(VLOOKUP(A112,DAIHATSU!A:B,2,FALSE),"AGOTADO") -> 159900 | G112: FOTOS1 | H112: =IFERROR(VLOOKUP(A112,EAN!A:C,3,FALSE),"") | I112: Microondas Mecánico | J112: Capacidad 20 Litros | K112: Potencia 700W - 5 niveles | L112: Temporizador
A113: D-MW1-20MW | C113: Cocina | D113: =IFERROR(VLOOKUP(A113,DAIHATSU!A:B,2,FALSE),"AGOTADO") -> 159900 | G113: FOTOS1 | H113: =IFERROR(VLOOKUP(A113,EAN!A:C,3,FALSE),"") | I113: Microondas Mecánico | J113: Capacidad 20 Litros | K113: Potencia 700W - 5 niveles | L113: Temporizador
A114: D-MW2-20M | C114: Cocina | D114: =IFERROR(VLOOKUP(A114,DAIHATSU!A:B,2,FALSE),"AGOTADO") -> 159900 | G114: FOTOS1 | H114: =IFERROR(VLOOKUP(A114,EAN!A:C,3,FALSE),"") | I114: Microondas Mecánico | J114: Capacidad 20 Litros | K114: Potencia 700W - 5 niveles | L114: Temporizador
A115: D-MW3-20D | C115: Cocina | D115: =IFERROR(VLOOKUP(A115,DAIHATSU!A:B,2,FALSE),"AGOTADO") -> 179900 | G115: FOTOS1 | H115: =IFERROR(VLOOKUP(A115,EAN!A:C,3,FALSE),"") | I115: Microondas Digital | J115: Capacidad 20 Litros | K115: Potencia 700W - 6 modos de cocción | L115: Temporizador
A116: D-MW4-25D | C116: Cocina | D116: =IFERROR(VLOOKUP(A116,DAIHATSU!A:B,2,FALSE),"AGOTADO") -> AGOTADO | G116: FOTOS1 | H116: =IFERROR(VLOOKUP(A116,EAN!A:C,3,FALSE),"") | I116: Microondas Digital con Grill | J116: Capacidad 25 Litros | K116: Potencia 900W | L116: Temporizador
A117: D-PI1200-B | C117: Cocina | D117: =IFERROR(VLOOKUP(A117,DAIHATSU!A:B,2,FALSE),"AGOTADO") -> 99900 | E117: SI | G117: FOTOS1 | H117: =IFERROR(VLOOKUP(A117,EAN!A:C,3,FALSE),"") -> '7799199016055 | I117: Picadora de Carne 1200 W | Negro | J117: Motor de 1,18 kW (1200 W). | K117: Cuchillas y discos de acero inoxidable. | L117: Dise±o liviano: 2,3 kg.
A118: D-PI1200-W | C118: Cocina | D118: =IFERROR(VLOOKUP(A118,DAIHATSU!A:B,2,FALSE),"AGOTADO") -> 99900 | E118: SI | G118: FOTOS1 | H118: =IFERROR(VLOOKUP(A118,EAN!A:C,3,FALSE),"") -> '7799199016055 | I118: Picadora de Carne 1200 W | Blanco | J118: Motor de 1,18 kW (1200 W). | K118: Cuchillas y discos de acero inoxidable. | L118: Dise±o liviano: 2,3 kg.
A119: D-PR500-BK | C119: Cocina | D119: =IFERROR(VLOOKUP(A119,DAIHATSU!A:B,2,FALSE),"AGOTADO") -> 36900 | G119: FOTOS1 | H119: =IFERROR(VLOOKUP(A119,EAN!A:C,3,FALSE),"") | I119: Procesadora de alimentos | J119: Capacidad: 2 L | K119: Potencia: 500 W | L119: Contenedor de vidrio, 4 cuchillas de acero inoxidable
A120: D-PR500-BU | C120: Cocina | D120: =IFERROR(VLOOKUP(A120,DAIHATSU!A:B,2,FALSE),"AGOTADO") -> 36900 | G120: FOTOS1 | H120: =IFERROR(VLOOKUP(A120,EAN!A:C,3,FALSE),"") | I120: Procesadora de alimentos | J120: Capacidad: 2 L | K120: Potencia: 500 W | L120: Contenedor de vidrio, 4 cuchillas de acero inoxidable
A121: D-SAR1500 | C121: Cocina | D121: =IFERROR(VLOOKUP(A121,DAIHATSU!A:B,2,FALSE),"AGOTADO") -> AGOTADO | G121: FOTOS1 | H121: =IFERROR(VLOOKUP(A121,EAN!A:C,3,FALSE),"") -> '7799199016024 | I121: Sarten Eléctrica | J121: Capacidad: 6 Litros | K121: Sistema de cocción eléctrico con función mantener caliente | L121: Dimensiones: 30 x 30 x 6 cm
A122: D-TA50 | C122: Cocina | D122: =IFERROR(VLOOKUP(A122,DAIHATSU!A:B,2,FALSE),"AGOTADO") -> 199900 | G122: FOTOS1 | H122: =IFERROR(VLOOKUP(A122,EAN!A:C,3,FALSE),"") -> '7799199015942 | I122: Cesto de basura automático | 50 lts | J122: Dimensiones: 29,3 Î 42 Î 67,3 cm | K122: funciona con 3 pilas tipo C (no incluidas)
A123: ML-BASE01B | C123: Cocina | D123: =IFERROR(VLOOKUP(A123,ML!A:B,2,FALSE),"AGOTADO") -> 24900 | G123: FOTOS2 | H123: =IFERROR(VLOOKUP(A123,EAN!A:C,3,FALSE),"") | I123: Base Móvil Con Ruedas Electrodomésticos Heladera Lavarropas | J123: Extensible hasta 56 x 56cm | K123: Soporta hasta 138Kg
A124: ML-BASE02G | C124: Cocina | D124: =IFERROR(VLOOKUP(A124,ML!A:B,2,FALSE),"AGOTADO") -> 39900 | G124: FOTOS2 | H124: =IFERROR(VLOOKUP(A124,EAN!A:C,3,FALSE),"") | I124: Base Móvil Reforzada Con Ruedas Electrodomésticos | J124: Extensible hasta 60 x 60cm | K124: Soporta hasta 138Kg
A125: ML-CARRO01 | C125: Cocina | D125: =IFERROR(VLOOKUP(A125,ML!A:B,2,FALSE),"AGOTADO") -> 69900 | G125: FOTOS2 | H125: =IFERROR(VLOOKUP(A125,EAN!A:C,3,FALSE),"") | I125: Carrito de Compras | J125: Dimensiones: 93 x 30 x 30cm | K125: Reforzado, plegable con 8 ruedas | L125: Capacidad: 35L, Soporta hasta 30Kg
A126: ML-CARRO03 | C126: Cocina | D126: =IFERROR(VLOOKUP(A126,ML!A:B,2,FALSE),"AGOTADO") -> 69900 | G126: FOTOS2 | I126: Carro Zorra Plegable | J126: Ancho de la base: 36cm, Largo de la base: 24cm | K126: Material: Aluminio
A127: ML-SEC01B | C127: Cocina | D127: =IFERROR(VLOOKUP(A127,ML!A:B,2,FALSE),"AGOTADO") -> 39900 | G127: FOTOS2 | I127: Secaplatos Escurridor con Secavasos y Cubiertero | Negro | J127: Alto: 48cm, Ancho: 32cm, Largo: 65cm | K127: Material: Acero Inoxidable
A128: ML-SEC02B | C128: Cocina | D128: =IFERROR(VLOOKUP(A128,ML!A:B,2,FALSE),"AGOTADO") -> AGOTADO | G128: FOTOS2 | I128: Secaplatos Escurridor con Secavasos y Cubiertero | Negro | J128: Alto: 51cm, Ancho: 33cm, Largo: 85cm | K128: Material: Acero Inoxidable
A129: ML-SEC03B | C129: Cocina | D129: =IFERROR(VLOOKUP(A129,ML!A:B,2,FALSE),"AGOTADO") -> AGOTADO | G129: FOTOS2 | I129: Secaplatos Escurridor con Bandeja, Secavasos y Cubiertero | Negro | J129: Alto: 15cm, Ancho: 32cm, Largo: 43cm | K129: Materiales: Acero Cromado y Plastico
A130: ML-SEC03W | C130: Cocina | D130: =IFERROR(VLOOKUP(A130,ML!A:B,2,FALSE),"AGOTADO") -> AGOTADO | G130: FOTOS2 | I130: Secaplatos Escurridor con Bandeja, Secavasos y Cubiertero | Blanco | J130: Alto: 15cm, Ancho: 32cm, Largo: 43cm | K130: Materiales: Acero Cromado y Plastico
A131: ML-SEC04B | C131: Cocina | D131: =IFERROR(VLOOKUP(A131,ML!A:B,2,FALSE),"AGOTADO") -> 46900 | G131: FOTOS2 | I131: Secaplatos Escurridor de 2 Pisos con Desague | J131: Alto: 29cm, Ancho: 30cm, Largo: 42cm | K131: Materiales: Acero Cromado y Plastico
A132: ML-SEC05S | C132: Cocina | D132: =IFERROR(VLOOKUP(A132,ML!A:B,2,FALSE),"AGOTADO") -> AGOTADO | G132: FOTOS2 | I132: Secaplatos Escurridor con Cubiertero | J132: Alto: 37cm, Ancho: 23cm, Largo: 48cm | K132: Material: Acero Inoxidable
A133: ML-TAB1-S | C133: Cocina | D133: =IFERROR(VLOOKUP(A133,ML!A:B,2,FALSE),"AGOTADO") -> 59900 | G133: FOTOS2 | I133: Tabla de Planchar | Gris | J133: Altura maxima: 80cm, Ancho: 30cm, Largo: 113cm | K133: Material: Acero Reforzado
A134: ML-TAB1-B | C134: Cocina | D134: =IFERROR(VLOOKUP(A134,ML!A:B,2,FALSE),"AGOTADO") -> 59900 | G134: FOTOS2 | I134: Tabla de Planchar | Negra | J134: Altura maxima: 80cm, Ancho: 30cm, Largo: 113cm | K134: Material: Acero Reforzado
A135: D-CB100 | C135: Contadoras de Billetes | D135: =IFERROR(VLOOKUP(A135,'CALC daihatsu'!A:B,2,FALSE),"AGOTADO") -> 71900 | G135: FOTOS1 | H135: =IFERROR(VLOOKUP(A135,EAN!A:C,3,FALSE),"") -> '7798019955727 | I135: Contadora Billetes | J135: Tipo de detección: UV /MG | K135: 220v | L135: Dimensiones: 19cm de alto, 28cm de largo y 25cm de ancho.
A136: D-CB2000 | C136: Contadoras de Billetes | D136: =IFERROR(VLOOKUP(A136,'CALC daihatsu'!A:B,2,FALSE),"AGOTADO") -> 119900 | G136: FOTOS1 | H136: =IFERROR(VLOOKUP(A136,EAN!A:C,3,FALSE),"") -> '7798019952061 | I136: Contadora Billetes | J136: Tipo de detección: UV /MG | K136: 220v | L136: Medidas: 190 x 280 x 250 mm
A137: D-CB210 | C137: Contadoras de Billetes | D137: =IFERROR(VLOOKUP(A137,'CALC daihatsu'!A:B,2,FALSE),"AGOTADO") -> 89900 | G137: FOTOS1 | H137: =IFERROR(VLOOKUP(A137,EAN!A:C,3,FALSE),"") -> '7798019955741 | I137: Contadora Billetes | J137: Tipo de detección: UV /MG | K137: 220v | L137: Medidas: 265 x 235 x 230 mm
A138: D-CB3000-C | C138: Contadoras de Billetes | D138: =IFERROR(VLOOKUP(A138,'CALC daihatsu'!A:B,2,FALSE),"AGOTADO") -> 759900 | G138: FOTOS1 | H138: =IFERROR(VLOOKUP(A138,EAN!A:C,3,FALSE),"") -> '7799199012453 | I138: Clasificadora de Billetes | J138: Tipo de detección: uv, mg, ir, sdc, mdc, sdcv. | K138: 220v | L138: Medidas: 265x 235x 230 mm
A139: D-CB40 | C139: Contadoras de Billetes | D139: =IFERROR(VLOOKUP(A139,'CALC daihatsu'!A:B,2,FALSE),"AGOTADO") -> 35900 | G139: FOTOS1 | H139: =IFERROR(VLOOKUP(A139,EAN!A:C,3,FALSE),"") -> '7798019955215 | I139: Contadora Billetes Portátil | J139: Tipo de detección: UV /MG | K139: 220v (FUENTE NO INCLUIDA) y Pilas AA | L139: Medidas: 75x190x102mm
A140: D-CB4000-C | C140: Contadoras de Billetes | D140: =IFERROR(VLOOKUP(A140,'CALC daihatsu'!A:B,2,FALSE),"AGOTADO") -> AGOTADO | G140: FOTOS1 | H140: =IFERROR(VLOOKUP(A140,EAN!A:C,3,FALSE),"") -> '7799199012477 | I140: Clasificadora de Billetes | J140: Tipo de detección: uv, mg, ir, sdc, mdc, sdcv. | K140: 220v | L140: Medidas: 245 x 270 x 288 mm
A141: ML-GYM01 | C141: Gimnasio | D141: =IFERROR(VLOOKUP(A141,ML!A:B,2,FALSE),"AGOTADO") -> AGOTADO | G141: FOTOS2 | H141: =IFERROR(VLOOKUP(A141,EAN!A:C,3,FALSE),"") -> '7799199015997 | I141: Banco Pecho Plano Gimnasio Plegable | J141: Altura: 105cm, Largo 120cm, Ancho: 71cm | K141: Soporta hasta 150kg | L141: Materiales: Hierro, espuma, cuero sintetico
...

Sheet EAN
A1: CODIGO | B1: GTIN | C1: en texto
A2: D-AF6500-B | B2: 7799199015959 | C2: =CONCATENATE("'",TEXT(B2,"0")) -> '7799199015959
A3: D-AF6510-B | B3: 7799199017830 | C3: =CONCATENATE("'",TEXT(B3,"0")) -> '7799199017830
A4: D-AF6510-W | B4: 7799199017830 | C4: =CONCATENATE("'",TEXT(B4,"0")) -> '7799199017830
A5: D-AS100 | B5: 7799199013900 | C5: =CONCATENATE("'",TEXT(B5,"0")) -> '7799199013900
A6: D-AS101 | B6: 7799199013900 | C6: =CONCATENATE("'",TEXT(B6,"0")) -> '7799199013900
A7: D-AS102 | B7: 7799199013924 | C7: =CONCATENATE("'",TEXT(B7,"0")) -> '7799199013924
A8: D-AS200 | B8: 7799199015720 | C8: =CONCATENATE("'",TEXT(B8,"0")) -> '7799199015720
A9: D-AS201 | B9: 7799199015737 | C9: =CONCATENATE("'",TEXT(B9,"0")) -> '7799199015737
A10: D-AS300 | B10: 7799199015744 | C10: =CONCATENATE("'",TEXT(B10,"0")) -> '7799199015744
A11: D-AS400 | B11: 7799199015751 | C11: =CONCATENATE("'",TEXT(B11,"0")) -> '7799199015751
A12: D-AS500 | B12: 7799199015768 | C12: =CONCATENATE("'",TEXT(B12,"0")) -> '7799199015768
A13: D-AU102-WE | B13: 7798019955376 | C13: =CONCATENATE("'",TEXT(B13,"0")) -> '7798019955376
... A16: D-AU315-BK | B16: 7799199014822 | C16: =CONCATENATE("'",TEXT(B16,"0")) -> '7799199014822
A17: D-AU401 | B17: 7798019954652 | C17: =CONCATENATE("'",TEXT(B17,"0")) -> '7798019954652
A18: D-AU402 | B18: 7798019954669 | C18: =CONCATENATE("'",TEXT(B18,"0")) -> '7798019954669
A19: D-AU406-RD | B19: 7798019950838 | C19: =CONCATENATE("'",TEXT(B19,"0")) -> '7798019950838
A20: D-AU512-BK | B20: 7798019955414 | C20: =CONCATENATE("'",TEXT(B20,"0")) -> '7798019955414
A21: D-AU513-BK | B21: 7798019955415 | C21: =CONCATENATE("'",TEXT(B21,"0")) -> '7798019955415
A22: D-AU515-BK | B22: 7798019955417 | C22: =CONCATENATE("'",TEXT(B22,"0")) -> '7798019955417
A23: D-AU516-BK | B23: 7798019955417 | C23: =CONCATENATE("'",TEXT(B23,"0")) -> '7798019955417
A24: D-AU517-BK | B24: 7798019955417 | C24: =CONCATENATE("'",TEXT(B24,"0")) -> '7798019955417
A25: D-AU518-BK | B25: 7798019955417 | C25: =CONCATENATE("'",TEXT(B25,"0")) -> '7798019955417
A26: D-AU519-WE | B26: 7798019955417 | C26: =CONCATENATE("'",TEXT(B26,"0")) -> '7798019955417
A27: D-C120USBP | B27: 7799199014846 | C27: =CONCATENATE("'",TEXT(B27,"0")) -> '7799199014846
A28: D-C120USBR | B28: 7798019955833 | C28: =CONCATENATE("'",TEXT(B28,"0")) -> '7798019955833
A29: D-CF1000 | B29: 7799199017861 | C29: =CONCATENATE("'",TEXT(B29,"0")) -> '7799199017861
A30: D-COR150-B | B30: 7799199016031 | C30: =CONCATENATE("'",TEXT(B30,"0")) -> '7799199016031
... A32: D-ES300-B | B32: 7799199017854 | C32: =CONCATENATE("'",TEXT(B32,"0")) -> '7799199017854
A33: D-GA100 | B33: .7798019951545 | C33: =CONCATENATE("'",TEXT(B33,"0")) -> '.7798019951545
A34: D-MC12 | B34: 7799199016062 | C34: =CONCATENATE("'",TEXT(B34,"0")) -> '7799199016062
A35: D-PI1200-B | B35: 7799199016055 | C35: =CONCATENATE("'",TEXT(B35,"0")) -> '7799199016055
A36: D-PI1200-W | B36: 7799199016055 | C36: =CONCATENATE("'",TEXT(B36,"0")) -> '7799199016055
A37: D-RK1 | B37: 7798019955284 | C37: =CONCATENATE("'",TEXT(B37,"0")) -> '7798019955284
A38: D-RK3 | B38: 7798019955307 | C38: =CONCATENATE("'",TEXT(B38,"0")) -> '7798019955307
A39: D-RK4 | B39: 7798019950647 | C39: =CONCATENATE("'",TEXT(B39,"0")) -> '7798019950647
A40: D-RK7 | B40: 7798019950616 | C40: =CONCATENATE("'",TEXT(B40,"0")) -> '7798019950616
A41: D-RK9 | B41: 7798019950692 | C41: =CONCATENATE("'",TEXT(B41,"0")) -> '7798019950692
A42: D-RP38-BK | B42: 7798019950104 | C42: =CONCATENATE("'",TEXT(B42,"0")) -> '7798019950104
A43: D-RP38-RD | B43: 7798019955871 | C43: =CONCATENATE("'",TEXT(B43,"0")) -> '7798019955871
A44: D-RP38-WE | B44: 7798019950081 | C44: =CONCATENATE("'",TEXT(B44,"0")) -> '7798019950081
A45: D-RP400-RD | B45: 7798019955949 | C45: =CONCATENATE("'",TEXT(B45,"0")) -> '7798019955949
A46: D-RP50USB | B46: 7798019951675 | C46: =CONCATENATE("'",TEXT(B46,"0")) -> '7798019951675
A47: D-RP60PROB | B47: 7799199016086 | C47: =CONCATENATE("'",TEXT(B47,"0")) -> '7799199016086
A48: D-RP60PROS | B48: 7799199016086 | C48: =CONCATENATE("'",TEXT(B48,"0")) -> '7799199016086
A49: D-RP60USB | B49: 7798019952207 | C49: =CONCATENATE("'",TEXT(B49,"0")) -> '7798019952207
A50: D-RP62USB | B50: 7798019952184 | C50: =CONCATENATE("'",TEXT(B50,"0")) -> '7798019952184
A51: D-S8000BT | B51: 7799199013931 | C51: =CONCATENATE("'",TEXT(B51,"0")) -> '7799199013931
A52: D-S8010BT | B52: 7799199013948 | C52: =CONCATENATE("'",TEXT(B52,"0")) -> '7799199013948
A53: D-SAR1500 | B53: 7799199016024 | C53: =CONCATENATE("'",TEXT(B53,"0")) -> '7799199016024
A54: D-TA50 | B54: 7799199015942 | C54: =CONCATENATE("'",TEXT(B54,"0")) -> '7799199015942
A55: D-V100-BK | B55: 7799199015775 | C55: =CONCATENATE("'",TEXT(B55,"0")) -> '7799199015775
A56: D-V100-GY | B56: 7799199015775 | C56: =CONCATENATE("'",TEXT(B56,"0")) -> '7799199015775
A57: D-V100-WE | B57: 7799199015775 | C57: =CONCATENATE("'",TEXT(B57,"0")) -> '7799199015775
A58: D-V101-BK | B58: 7799199015829 | C58: =CONCATENATE("'",TEXT(B58,"0")) -> '7799199015829
A59: D-V102-BK | B59: 7799199015836 | C59: =CONCATENATE("'",TEXT(B59,"0")) -> '7799199015836
A60: D-V200-BK | B60: 7799199015805 | C60: =CONCATENATE("'",TEXT(B60,"0")) -> '7799199015805
A61: D-V200-GY | B61: 7799199015805 | C61: =CONCATENATE("'",TEXT(B61,"0")) -> '7799199015805
A62: D-V201-BK | B62: 7799199023145 | C62: =CONCATENATE("'",TEXT(B62,"0")) -> '7799199023145
... A64: D-V401-BK | B64: 7799199023169 | C64: =CONCATENATE("'",TEXT(B64,"0")) -> '7799199023169
A65: D-CB100 | B65: 7798019955727 | C65: =CONCATENATE("'",TEXT(B65,"0")) -> '7798019955727
A66: D-CB1000-S | B66: 7798019955758 | C66: =CONCATENATE("'",TEXT(B66,"0")) -> '7798019955758
A67: D-CB2000 | B67: 7798019952061 | C67: =CONCATENATE("'",TEXT(B67,"0")) -> '7798019952061
A68: D-CB210 | B68: 7798019955741 | C68: =CONCATENATE("'",TEXT(B68,"0")) -> '7798019955741
A69: D-CB3000-C | B69: 7799199012453 | C69: =CONCATENATE("'",TEXT(B69,"0")) -> '7799199012453
A70: D-CB40 | B70: 7798019955215 | C70: =CONCATENATE("'",TEXT(B70,"0")) -> '7798019955215
A71: D-CB4000-C | B71: 7799199012477 | C71: =CONCATENATE("'",TEXT(B71,"0")) -> '7799199012477
A73: ML-BACH01 | B73: 7799199016079 | C73: =CONCATENATE("'",TEXT(B73,"0")) -> '7799199016079
A74: ML-BAN01-W | B74: 7799199015973 | C74: =CONCATENATE("'",TEXT(B74,"0")) -> '7799199015973
A75: ML-CONS01 | B75: 7799199003147 | C75: =CONCATENATE("'",TEXT(B75,"0")) -> '7799199003147
A76: ML-GYM01 | B76: 7799199015997 | C76: =CONCATENATE("'",TEXT(B76,"0")) -> '7799199015997
A77: ML-GYM02 | B77: 7799199016000 | C77: =CONCATENATE("'",TEXT(B77,"0")) -> '7799199016000
A78: ML-GYM03 | B78: 7799199016017 | C78: =CONCATENATE("'",TEXT(B78,"0")) -> '7799199016017
A79: ML-INF01 | B79: 7799199012774 | C79: =CONCATENATE("'",TEXT(B79,"0")) -> '7799199012774
A80: ML-MES01-W | B80: 7799199015980 | C80: =CONCATENATE("'",TEXT(B80,"0")) -> '7799199015980
A81: ML-SIL01X4 | B81: 7799199015966 | C81: =CONCATENATE("'",TEXT(B81,"0")) -> '7799199015966

Sheet DAIHATSU
A1: ART_COD | B1: ART_PRE | C1: ART_STK | D1: ART_STKT | E1: PRODUCTOS | H1: NO VENDER | L1: ART_COD | M1: CODCASIO
H2: D-AU303-GD | L2: AX120B | M2: AX-120B
H3: D-AU303-RG | L3: DX12B | M3: DX-12B-BK
H4: D-AU307-BK | L4: DX12B-WE | M4: DX-12B-WE
A5: D-AS100 | B5: 24900 | C5: 252 | D5: 0 | E5: =VLOOKUP(A5,PRODUCTOS!A:A,1,FALSE) -> D-AS100 | H5: D-AU307-GN | L5: FX570ESP2B | M5: FX-570ESPLUS2BU
A6: D-AS101 | B6: 33900 | C6: 482 | E6: =VLOOKUP(A6,PRODUCTOS!A:A,1,FALSE) -> D-AS101 | H6: D-AU307-PK | L6: FX570ESP2P | M6: FX-570ESPLUS2PK
A7: D-AS102 | B7: 38900 | C7: 394 | E7: =VLOOKUP(A7,PRODUCTOS!A:A,1,FALSE) -> D-AS102 | H7: D-AU307-PU | L7: FX570ESPL2 | M7: FX-570ESPLUS2
A8: D-AS200 | B8: 135900 | C8: 866 | E8: =VLOOKUP(A8,PRODUCTOS!A:A,1,FALSE) -> D-AS200 | H8: D-AU308-GN | L8: FX570LAC-W | M8: FX-570LAC-W
A9: D-AS201 | B9: 145900 | C9: 924 | E9: =VLOOKUP(A9,PRODUCTOS!A:A,1,FALSE) -> D-AS201 | H9: D-AU308-PK | L9: FX82ESPL-B | M9: FX-82ESPLUS2-BU
A10: D-AS300 | B10: 57900 | C10: 52 | E10: =VLOOKUP(A10,PRODUCTOS!A:A,1,FALSE) -> D-AS300 | L10: FX82ESPL-P | M10: FX-82ESPLUS2-PK
A11: D-AS400 | B11: 79900 | C11: 636 | E11: =VLOOKUP(A11,PRODUCTOS!A:A,1,FALSE) -> D-AS400 | L11: FX82ESPLU2 | M11: FX-82ESPLUS2
A12: D-AS500 | B12: 89900 | C12: 716 | E12: =VLOOKUP(A12,PRODUCTOS!A:A,1,FALSE) -> D-AS500 | G12: REEMPLAZAR TODOS LOS "/" POR "-" EN ART_COD | L12: FX82LACW-W | M12: FX-82LACW-W
A13: D-AU100-BK | B13: 3900 | C13: 1178 | E13: =VLOOKUP(A13,PRODUCTOS!A:A,1,FALSE) -> D-AU100-BK | L13: FX82LAP2BU | M13: FX-82LAPLUS2-BU
A14: D-AU100-WE | B14: 3900 | C14: 424 | E14: =VLOOKUP(A14,PRODUCTOS!A:A,1,FALSE) -> D-AU100-WE | G14: REEMPLAZAR TODOS LOS "+" POR "-" EN ART_COD | L14: FX82LAP2PK | M14: FX-82LAPLUS2-PK
A15: D-AU102-WE | B15: 10900 | C15: 603 | E15: =VLOOKUP(A15,PRODUCTOS!A:A,1,FALSE) -> D-AU102-WE | L15: FX82MS-2 | M15: FX-82MS-2
A16: D-AU103-BR | B16: 3900 | C16: 11 | E16: =VLOOKUP(A16,PRODUCTOS!A:A,1,FALSE) -> D-AU103-BR | L16: FX95ESPLU2 | M16: FX-95ESPLUS2
A17: D-AU104-BK | B17: 3900 | C17: 345 | E17: =VLOOKUP(A17,PRODUCTOS!A:A,1,FALSE) -> D-AU104-BK | L17: FX95MS-2 | M17: FX-95MS-2
A18: D-AU106-BR | B18: 3900 | C18: 575 | E18: =VLOOKUP(A18,PRODUCTOS!A:A,1,FALSE) -> D-AU106-BR | L18: FX991ESP-B | M18: FX-991ESPLUS2BU
A19: D-AU107-BK | B19: 3900 | C19: 1141 | E19: =VLOOKUP(A19,PRODUCTOS!A:A,1,FALSE) -> D-AU107-BK | L19: FX991ESP-P | M19: FX-991ESPLUS2PK
A20: D-AU315-BK | B20: 26900 | C20: 552 | E20: =VLOOKUP(A20,PRODUCTOS!A:A,1,FALSE) -> D-AU315-BK | L20: FX991ESPL2 | M20: FX-991ESPLUS2
A21: D-AU512-BK | B21: 16500 | C21: 695 | E21: =VLOOKUP(A21,PRODUCTOS!A:A,1,FALSE) -> D-AU512-BK | L21: GX12B | M21: GX-12B-BK
A22: D-AU513-BK | B22: 17500 | C22: 648 | E22: =VLOOKUP(A22,PRODUCTOS!A:A,1,FALSE) -> D-AU513-BK | L22: GX12B-WE | M22: GX-12B-WE
A23: D-AU515-BK | B23: 21500 | C23: 230 | E23: =VLOOKUP(A23,PRODUCTOS!A:A,1,FALSE) -> D-AU515-BK | L23: HR100RC | M23: HR-100RC
A24: D-AU516-BK | B24: 18500 | C24: 184 | E24: =VLOOKUP(A24,PRODUCTOS!A:A,1,FALSE) -> D-AU516-BK | L24: HR150RC | M24: HR-150RC
A25: D-AU518-BK | B25: 21500 | C25: 52 | E25: =VLOOKUP(A25,PRODUCTOS!A:A,1,FALSE) -> D-AU518-BK | L25: HR8RC-BK | M25: HR-8RC-BK
A26: D-AU519-WE | B26: 19500 | C26: 635 | D26: 0 | E26: =VLOOKUP(A26,PRODUCTOS!A:A,1,FALSE) -> D-AU519-WE | L26: HR8RC-WE | M26: HR-8RC-WE
A27: D-BAT-V100 | B27: 208000 | C27: 21 | E27: =VLOOKUP(A27,PRODUCTOS!A:A,1,FALSE) -> D-BAT-V100 | L27: IR-40(B) | M27: IR-40(B)
A28: D-BAT-V101 | B28: 208000 | C28: 50 | E28: =VLOOKUP(A28,PRODUCTOS!A:A,1,FALSE) -> D-BAT-V101 | L28: IR-40(T) | M28: IR-40T(R/B)
A29: D-BAT-V102 | B29: 292000 | C29: 30 | E29: =VLOOKUP(A29,PRODUCTOS!A:A,1,FALSE) -> D-BAT-V102 | L29: LC160LV-BK | M29: LC-160LV-BK
A30: D-BAT-V200 | B30: 585000 | C30: 20 | E30: =VLOOKUP(A30,PRODUCTOS!A:A,1,FALSE) -> D-BAT-V200 | L30: LC160LV-WE | M30: LC-160LV-WE
A31: D-BAT-V300 | B31: 338000 | C31: 20 | E31: =VLOOKUP(A31,PRODUCTOS!A:A,1,FALSE) -> D-BAT-V300 | L31: MS120FM | M31: MS-120FM
A32: D-BAT-V301 | B32: 533000 | C32: 20 | E32: =VLOOKUP(A32,PRODUCTOS!A:A,1,FALSE) -> D-BAT-V301 | L32: MS20UC-LB | M32: MS-20UC-LB
A33: D-CE18-BU | B33: 199900 | C33: 51 | E33: =VLOOKUP(A33,PRODUCTOS!A:A,1,FALSE) -> D-CE18-BU | L33: MS20UC-PK | M33: MS-20UC-PK
A34: D-CF2000 | B34: 189900 | C34: 362 | E34: =VLOOKUP(A34,PRODUCTOS!A:A,1,FALSE) -> D-CF2000 | L34: MS20UC-RD | M34: MS-20UC-RD
A35: D-CF3000 | B35: 429900 | C35: 475 | E35: =VLOOKUP(A35,PRODUCTOS!A:A,1,FALSE) -> D-CF3000 | L35: MS20UC-WE | M35: MS-20UC-WE
A36: D-CF4000-B | B36: 136900 | C36: 760 | E36: =VLOOKUP(A36,PRODUCTOS!A:A,1,FALSE) -> D-CF4000-B | L36: MW8V-BK | M36: MW-8V-BK
A37: D-CF4000-W | B37: 136900 | C37: 769 | E37: =VLOOKUP(A37,PRODUCTOS!A:A,1,FALSE) -> D-CF4000-W
A38: D-COR150-B | B38: 111900 | C38: 790 | E38: =VLOOKUP(A38,PRODUCTOS!A:A,1,FALSE) -> D-COR150-B
A39: D-COR150-S | B39: 111900 | C39: 791 | E39: =VLOOKUP(A39,PRODUCTOS!A:A,1,FALSE) -> D-COR150-S
A40: D-ES300-B | B40: 54900 | C40: 537 | E40: =VLOOKUP(A40,PRODUCTOS!A:A,1,FALSE) -> D-ES300-B
A41: D-CF4000-W | B41: 136900 | C41: 812 | E41: =VLOOKUP(A41,PRODUCTOS!A:A,1,FALSE) -> D-CF4000-W
A42: D-INV1000 | B42: 62900 | D42: 421 | E42: =VLOOKUP(A42,PRODUCTOS!A:A,1,FALSE) -> D-INV1000 | L42: MW8V-WE | M42: MW-8V-WE
A43: D-INV1500 | B43: 77900 | D43: 105 | E43: =VLOOKUP(A43,PRODUCTOS!A:A,1,FALSE) -> D-INV1500 | L43: MX120B | M43: MX-120B
A44: D-INV2000 | B44: 99900 | D44: 437 | E44: =VLOOKUP(A44,PRODUCTOS!A:A,1,FALSE) -> D-INV2000 | L44: MX12B-GNRD | M44: MX-12B-GNRD
A45: D-INV500 | B45: 43900 | D45: 766 | E45: =VLOOKUP(A45,PRODUCTOS!A:A,1,FALSE) -> D-INV500 | L45: MX12B-PKLB | M45: MX-12B-PKLB
A46: D-MW1-20MB | B46: 159900 | C46: 114 | D46: 0 | E46: =VLOOKUP(A46,PRODUCTOS!A:A,1,FALSE) -> D-MW1-20MB | L46: MX12B-WE | M46: MX-12B-WE
A47: D-MW1-20MW | B47: 159900 | C47: 107 | D47: 0 | E47: =VLOOKUP(A47,PRODUCTOS!A:A,1,FALSE) -> D-MW1-20MW | L47: XR-18WE1 | M47: XR-18WE1
A48: D-MW2-20M | B48: 159900 | C48: 54 | D48: 0 | E48: =VLOOKUP(A48,PRODUCTOS!A:A,1,FALSE) -> D-MW2-20M | L48: XR-9WE1 | M48: XR-9WE1
A49: D-MW3-20D | B49: 179900 | C49: 46 | E49: =VLOOKUP(A49,PRODUCTOS!A:A,1,FALSE) -> D-MW3-20D | L49: XR-9X1 | M49: XR-9X1
A50: D-PI1200-B | B50: 99900 | C50: 792 | E50: =VLOOKUP(A50,PRODUCTOS!A:A,1,FALSE) -> D-PI1200-B
A51: D-PI1200-W | B51: 99900 | C51: 792 | E51: =VLOOKUP(A51,PRODUCTOS!A:A,1,FALSE) -> D-PI1200-W
A52: D-PR500-BK | B52: 36900 | C52: 154 | E52: =VLOOKUP(A52,PRODUCTOS!A:A,1,FALSE) -> D-PR500-BK | L52: XR-9YW1 | M52: XR-9YW1
A53: D-PR500-BU | B53: 36900 | C53: 339 | E53: =VLOOKUP(A53,PRODUCTOS!A:A,1,FALSE) -> D-PR500-BU
A54: D-RK1 | B54: 21900 | C54: 496 | D54: 0 | E54: =VLOOKUP(A54,PRODUCTOS!A:A,1,FALSE) -> D-RK1
A55: D-RK2 | B55: 21900 | C55: 715 | E55: =VLOOKUP(A55,PRODUCTOS!A:A,1,FALSE) -> D-RK2
A56: D-RK3 | B56: 21900 | C56: 730 | D56: 0 | E56: =VLOOKUP(A56,PRODUCTOS!A:A,1,FALSE) -> D-RK3
A57: D-RK7 | B57: 21900 | C57: 890 | D57: 0 | E57: =VLOOKUP(A57,PRODUCTOS!A:A,1,FALSE) -> D-RK7
A58: D-RK9 | B58: 21900 | C58: 178 | D58: 0 | E58: =VLOOKUP(A58,PRODUCTOS!A:A,1,FALSE) -> D-RK9
A59: D-RP38-BK | B59: 43900 | C59: 1989 | E59: =VLOOKUP(A59,PRODUCTOS!A:A,1,FALSE) -> D-RP38-BK
A60: D-RP38-RD | B60: 43900 | C60: 997 | E60: =VLOOKUP(A60,PRODUCTOS!A:A,1,FALSE) -> D-RP38-RD
A61: D-RP38-WE | B61: 43900 | C61: 1985 | E61: =VLOOKUP(A61,PRODUCTOS!A:A,1,FALSE) -> D-RP38-WE
A62: D-RP400-BK | B62: 43900 | C62: 877 | E62: =VLOOKUP(A62,PRODUCTOS!A:A,1,FALSE) -> D-RP400-BK
A63: D-RP400-RD | B63: 43900 | C63: 761 | E63: =VLOOKUP(A63,PRODUCTOS!A:A,1,FALSE) -> D-RP400-RD
A64: D-RP400-WE | B64: 43900 | C64: 2133 | D64: 0 | E64: =VLOOKUP(A64,PRODUCTOS!A:A,1,FALSE) -> D-RP400-WE
A65: D-RP50USB | B65: 31900 | C65: 595 | E65: =VLOOKUP(A65,PRODUCTOS!A:A,1,FALSE) -> D-RP50USB
A66: D-RP60PROB | B66: 39900 | C66: 368 | E66: =VLOOKUP(A66,PRODUCTOS!A:A,1,FALSE) -> D-RP60PROB
A67: D-RP60PROS | B67: 39900 | C67: 409 | E67: =VLOOKUP(A67,PRODUCTOS!A:A,1,FALSE) -> D-RP60PROS
A68: D-RP62USB | B68: 34900 | C68: 448 | D68: 0 | E68: =VLOOKUP(A68,PRODUCTOS!A:A,1,FALSE) -> D-RP62USB
A69: D-S8000BT | B69: 48900 | C69: 20 | E69: =VLOOKUP(A69,PRODUCTOS!A:A,1,FALSE) -> D-S8000BT
A70: D-S8010BT | B70: 114900 | C70: 101 | E70: =VLOOKUP(A70,PRODUCTOS!A:A,1,FALSE) -> D-S8010BT
A71: D-TA50 | B71: 199900 | C71: 117 | E71: =VLOOKUP(A71,PRODUCTOS!A:A,1,FALSE) -> D-TA50
A72: D-V100-BK | B72: 599900 | C72: 17 | E72: =VLOOKUP(A72,PRODUCTOS!A:A,1,FALSE) -> D-V100-BK
A73: D-V100-WE | B73: 599900 | C73: 62 | E73: =VLOOKUP(A73,PRODUCTOS!A:A,1,FALSE) -> D-V100-WE
A74: D-V101-BK | B74: 679900 | C74: 45 | E74: =VLOOKUP(A74,PRODUCTOS!A:A,1,FALSE) -> D-V101-BK
A75: D-V200-GY | B75: 1049900 | C75: 28 | E75: =VLOOKUP(A75,PRODUCTOS!A:A,1,FALSE) -> D-V200-GY
A76: D-V201-BK | B76: 1299900 | C76: 40 | D76: 0 | E76: =VLOOKUP(A76,PRODUCTOS!A:A,1,FALSE) -> D-V201-BK
A77: D-V300-BK | B77: 1699900 | C77: 224 | E77: =VLOOKUP(A77,PRODUCTOS!A:A,1,FALSE) -> D-V300-BK
A78: D-V301-BK | B78: 2299900 | C78: 62 | E78: =VLOOKUP(A78,PRODUCTOS!A:A,1,FALSE) -> D-V301-BK
A79: D-V400-BK | B79: 1699900 | C79: 84 | D79: 0 | E79: =VLOOKUP(A79,PRODUCTOS!A:A,1,FALSE) -> D-V400-BK
A80: D-V401-BK | B80: 2299900 | C80: 86 | E80: =VLOOKUP(A80,PRODUCTOS!A:A,1,FALSE) -> D-V401-BK

Sheet ML
A1: ART_COD | B1: ART_PRE | C1: ART_STK | D1: ART_STKT | E1: PRODUCTOS | H1: NO VENDER | L1: ART_COD | M1: CODCASIO
A2: ML-ARM01B | B2: 42900 | C2: 169 | E2: =VLOOKUP(A2,PRODUCTOS!A:A,1,FALSE) -> ML-ARM01B | H2: D-AU303-GD | L2: AX120B | M2: AX-120B
A3: ML-ARM01G | B3: 42900 | C3: 91 | E3: =VLOOKUP(A3,PRODUCTOS!A:A,1,FALSE) -> ML-ARM01G | H3: D-AU303-RG | L3: DX12B | M3: DX-12B-BK
A4: ML-ARM03G | B4: 24900 | C4: 21 | D4: 0 | E4: =VLOOKUP(A4,PRODUCTOS!A:A,1,FALSE) -> ML-ARM03G | H4: D-AU307-BK | L4: DX12B-WE | M4: DX-12B-WE
A5: ML-ARM04G | B5: 38900 | C5: 81 | E5: =VLOOKUP(A5,PRODUCTOS!A:A,1,FALSE) -> ML-ARM04G | H5: D-AU307-GN | L5: FX570ESP2B | M5: FX-570ESPLUS2BU
A6: ML-ARM05G | B6: 38900 | C6: 75 | E6: =VLOOKUP(A6,PRODUCTOS!A:A,1,FALSE) -> ML-ARM05G | H6: D-AU307-PK | L6: FX570ESP2P | M6: FX-570ESPLUS2PK
A7: ML-ARM06B | B7: 39900 | C7: 92 | E7: =VLOOKUP(A7,PRODUCTOS!A:A,1,FALSE) -> ML-ARM06B | H7: D-AU307-PU | L7: FX570ESPL2 | M7: FX-570ESPLUS2
A8: ML-ARM06W | B8: 39900 | C8: 93 | E8: =VLOOKUP(A8,PRODUCTOS!A:A,1,FALSE) -> ML-ARM06W | H8: D-AU308-GN | L8: FX570LAC-W | M8: FX-570LAC-W
A9: ML-ARM07B | B9: 38900 | C9: 86 | E9: =VLOOKUP(A9,PRODUCTOS!A:A,1,FALSE) -> ML-ARM07B | H9: D-AU308-PK | L9: FX82ESPL-B | M9: FX-82ESPLUS2-BU
A10: ML-ARM07W | B10: 38900 | C10: 36 | E10: =VLOOKUP(A10,PRODUCTOS!A:A,1,FALSE) -> ML-ARM07W | L10: FX82ESPL-P | M10: FX-82ESPLUS2-PK
A11: ML-ARM08W | B11: 48900 | C11: 52 | E11: =VLOOKUP(A11,PRODUCTOS!A:A,1,FALSE) -> ML-ARM08W | L11: FX82ESPLU2 | M11: FX-82ESPLUS2
A12: ML-ARM09B | B12: 35900 | C12: 85 | E12: =VLOOKUP(A12,PRODUCTOS!A:A,1,FALSE) -> ML-ARM09B | G12: REEMPLAZAR TODOS LOS "/" POR "-" EN ART_COD | L12: FX82LACW-W | M12: FX-82LACW-W
A13: ML-ARM09W | B13: 35900 | C13: 107 | E13: =VLOOKUP(A13,PRODUCTOS!A:A,1,FALSE) -> ML-ARM09W | L13: FX82LAP2BU | M13: FX-82LAPLUS2-BU
A14: ML-BA-T3X2 | B14: 27900 | C14: 36 | E14: =VLOOKUP(A14,PRODUCTOS!A:A,1,FALSE) -> ML-BA-T3X2 | G14: REEMPLAZAR TODOS LOS "+" POR "-" EN ART_COD | L14: FX82LAP2PK | M14: FX-82LAPLUS2-PK
A15: ML-BA888X1 | B15: 19900 | C15: 0 | D15: 638 | E15: =VLOOKUP(A15,PRODUCTOS!A:A,1,FALSE) -> ML-BA888X1 | L15: FX82MS-2 | M15: FX-82MS-2
A16: ML-BA888X2 | B16: 38900 | C16: 0 | D16: 2028 | E16: =VLOOKUP(A16,PRODUCTOS!A:A,1,FALSE) -> ML-BA888X2 | L16: FX95ESPLU2 | M16: FX-95ESPLUS2
A17: ML-BAA58S | B17: 79900 | C17: 57 | E17: =VLOOKUP(A17,PRODUCTOS!A:A,1,FALSE) -> ML-BAA58S | L17: FX991ESP-B | M17: FX-991ESPLUS2BU
A18: ML-BAK5PLU | B18: 129900 | C18: 137 | E18: =VLOOKUP(A18,PRODUCTOS!A:A,1,FALSE) -> ML-BAK5PLU | L18: FX991ESP-P | M18: FX-991ESPLUS2PK
A19: ML-BAK6 | B19: 84900 | C19: 35 | E19: =VLOOKUP(A19,PRODUCTOS!A:A,1,FALSE) -> ML-BAK6 | L19: FX991ESPL2 | M19: FX-991ESPLUS2
A20: ML-BASE01B | B20: 24900 | C20: 81 | E20: =VLOOKUP(A20,PRODUCTOS!A:A,1,FALSE) -> ML-BASE01B | L20: HR100RC | M20: HR-100RC
A21: ML-BASE02G | B21: 39900 | C21: 125 | D21: 0 | E21: =VLOOKUP(A21,PRODUCTOS!A:A,1,FALSE) -> ML-BASE02G | L21: HR150RC | M21: HR-150RC
A22: ML-BAT888S | B22: 4500 | D22: 114 | E22: =VLOOKUP(A22,PRODUCTOS!A:A,1,FALSE) -> ML-BAT888S | L22: HR8RC-BK | M22: HR-8RC-BK
A23: ML-BAUV17L | B23: 114900 | C23: 135 | E23: =VLOOKUP(A23,PRODUCTOS!A:A,1,FALSE) -> ML-BAUV17L | L23: HR8RC-WE | M23: HR-8RC-WE
A24: ML-BAUV5R5 | B24: 79900 | C24: 379 | D24: 0 | E24: =VLOOKUP(A24,PRODUCTOS!A:A,1,FALSE) -> ML-BAUV5R5 | L24: IR-40(B) | M24: IR-40(B)
A25: ML-BAUV822 | B25: 97900 | C25: 11 | E25: =VLOOKUP(A25,PRODUCTOS!A:A,1,FALSE) -> ML-BAUV822 | L25: IR-40(T) | M25: IR-40T(R/B)
A26: ML-BEACH | B26: 25900 | C26: 105 | E26: =VLOOKUP(A26,PRODUCTOS!A:A,1,FALSE) -> ML-BEACH | L26: LC160LV-BK | M26: LC-160LV-BK
A27: ML-BEACH2 | B27: 25900 | C27: 175 | E27: =VLOOKUP(A27,PRODUCTOS!A:A,1,FALSE) -> ML-BEACH2 | L27: LC160LV-WE | M27: LC-160LV-WE
A28: ML-BOLSA2N | B28: 59900 | C28: 298 | E28: =VLOOKUP(A28,PRODUCTOS!A:A,1,FALSE) -> ML-BOLSA2N | L28: MS120FM | M28: MS-120FM
A29: ML-BOLSO-N | B29: 26900 | C29: 24 | E29: =VLOOKUP(A29,PRODUCTOS!A:A,1,FALSE) -> ML-BOLSO-N | L29: MS20UC-LB | M29: MS-20UC-LB
A30: ML-CARRO01 | B30: 69900 | C30: 51 | E30: =VLOOKUP(A30,PRODUCTOS!A:A,1,FALSE) -> ML-CARRO01 | L30: MS20UC-PK | M30: MS-20UC-PK
A31: ML-CARRO02 | B31: 109900 | C31: 199 | E31: =VLOOKUP(A31,PRODUCTOS!A:A,1,FALSE) -> ML-CARRO02 | L31: MS20UC-RD | M31: MS-20UC-RD
A32: ML-CARRO03 | B32: 69900 | C32: 300 | E32: =VLOOKUP(A32,PRODUCTOS!A:A,1,FALSE) -> ML-CARRO03 | L32: MS20UC-WE | M32: MS-20UC-WE
A33: ML-DIREC-A | B33: 22900 | C33: 109 | E33: =VLOOKUP(A33,PRODUCTOS!A:A,1,FALSE) -> ML-DIREC-A | L33: MW8V-BK | M33: MW-8V-BK
A34: ML-DIREC-M | B34: 22900 | C34: 408 | E34: =VLOOKUP(A34,PRODUCTOS!A:A,1,FALSE) -> ML-DIREC-M | L34: MW8V-WE | M34: MW-8V-WE
A35: ML-DIREC-R | B35: 22900 | C35: 200 | E35: =VLOOKUP(A35,PRODUCTOS!A:A,1,FALSE) -> ML-DIREC-R | L35: MX120B | M35: MX-120B
A36: ML-DIREC-V | B36: 22900 | C36: 39 | E36: =VLOOKUP(A36,PRODUCTOS!A:A,1,FALSE) -> ML-DIREC-V | L36: MX12B-GNRD | M36: MX-12B-GNRD
A37: ML-GAZ01-A | B37: 224900 | C37: 46 | E37: =VLOOKUP(A37,PRODUCTOS!A:A,1,FALSE) -> ML-GAZ01-A | L37: MX12B-PKLB | M37: MX-12B-PKLB
A38: ML-GAZ01-R | B38: 224900 | C38: 212 | D38: 0 | E38: =VLOOKUP(A38,PRODUCTOS!A:A,1,FALSE) -> ML-GAZ01-R | L38: MX12B-WE | M38: MX-12B-WE
A39: ML-GAZ01-W | B39: 224900 | C39: 83 | E39: =VLOOKUP(A39,PRODUCTOS!A:A,1,FALSE) -> ML-GAZ01-W | L39: XR-18WE1 | M39: XR-18WE1
A40: ML-GAZ02-A | B40: 169900 | C40: 433 | E40: =VLOOKUP(A40,PRODUCTOS!A:A,1,FALSE) -> ML-GAZ02-A | L40: XR-9WE1 | M40: XR-9WE1
A41: ML-GAZ02-R | B41: 169900 | C41: 343 | E41: =VLOOKUP(A41,PRODUCTOS!A:A,1,FALSE) -> ML-GAZ02-R | L41: XR-9X1 | M41: XR-9X1
A42: ML-GAZ02-W | B42: 169900 | C42: 149 | E42: =VLOOKUP(A42,PRODUCTOS!A:A,1,FALSE) -> ML-GAZ02-W | L42: XR-9YW1 | M42: XR-9YW1
A43: ML-GYM02 | B43: 169900 | C43: 48 | E43: =VLOOKUP(A43,PRODUCTOS!A:A,1,FALSE) -> ML-GYM02
A44: ML-GYM03 | B44: 46900 | C44: 34 | E44: =VLOOKUP(A44,PRODUCTOS!A:A,1,FALSE) -> ML-GYM03
A45: ML-GYM07 | B45: 96900 | C45: 92 | E45: =VLOOKUP(A45,PRODUCTOS!A:A,1,FALSE) -> ML-GYM07
A46: ML-HAM01 | B46: 31900 | C46: 528 | E46: =VLOOKUP(A46,PRODUCTOS!A:A,1,FALSE) -> ML-HAM01
A47: ML-MOCH01B | B47: 21300 | C47: 120 | E47: =VLOOKUP(A47,PRODUCTOS!A:A,1,FALSE) -> ML-MOCH01B
A48: ML-MOCH02A | B48: 22250 | C48: 72 | E48: =VLOOKUP(A48,PRODUCTOS!A:A,1,FALSE) -> ML-MOCH02A
A49: ML-MOCH02B | B49: 22250 | C49: 39 | E49: =VLOOKUP(A49,PRODUCTOS!A:A,1,FALSE) -> ML-MOCH02B
A50: ML-MOCH04A | B50: 32900 | C50: 137 | E50: =VLOOKUP(A50,PRODUCTOS!A:A,1,FALSE) -> ML-MOCH04A
A51: ML-MOCH04B | B51: 32900 | C51: 166 | E51: =VLOOKUP(A51,PRODUCTOS!A:A,1,FALSE) -> ML-MOCH04B
A52: ML-MOCH04C | B52: 32900 | C52: 55 | E52: =VLOOKUP(A52,PRODUCTOS!A:A,1,FALSE) -> ML-MOCH04C
A53: ML-MOCH05A | B53: 17600 | C53: 661 | E53: =VLOOKUP(A53,PRODUCTOS!A:A,1,FALSE) -> ML-MOCH05A
A54: ML-MOCH09A | B54: 15750 | C54: 205 | E54: =VLOOKUP(A54,PRODUCTOS!A:A,1,FALSE) -> ML-MOCH09A
A55: ML-MOCH09G | B55: 15750 | C55: 324 | D55: 0 | E55: =VLOOKUP(A55,PRODUCTOS!A:A,1,FALSE) -> ML-MOCH09G
A56: ML-MOCH09N | B56: 15750 | C56: 404 | E56: =VLOOKUP(A56,PRODUCTOS!A:A,1,FALSE) -> ML-MOCH09N
A57: ML-MOCH11N | B57: 22900 | C57: 157 | E57: =VLOOKUP(A57,PRODUCTOS!A:A,1,FALSE) -> ML-MOCH11N
A58: ML-MOCH11R | B58: 22900 | C58: 130 | E58: =VLOOKUP(A58,PRODUCTOS!A:A,1,FALSE) -> ML-MOCH11R
A59: ML-MOCH11V | B59: 22900 | C59: 154 | E59: =VLOOKUP(A59,PRODUCTOS!A:A,1,FALSE) -> ML-MOCH11V
A60: ML-MOCH12A | B60: 21300 | C60: 81 | E60: =VLOOKUP(A60,PRODUCTOS!A:A,1,FALSE) -> ML-MOCH12A
A61: ML-MOCH12N | B61: 21300 | C61: 47 | E61: =VLOOKUP(A61,PRODUCTOS!A:A,1,FALSE) -> ML-MOCH12N
A62: ML-MOCH12R | B62: 21300 | C62: 180 | E62: =VLOOKUP(A62,PRODUCTOS!A:A,1,FALSE) -> ML-MOCH12R
A63: ML-MOCH13A | B63: 20300 | C63: 112 | E63: =VLOOKUP(A63,PRODUCTOS!A:A,1,FALSE) -> ML-MOCH13A
A64: ML-MOCH13L | B64: 20300 | C64: 145 | E64: =VLOOKUP(A64,PRODUCTOS!A:A,1,FALSE) -> ML-MOCH13L
A65: ML-MOCH13N | B65: 20300 | C65: 132 | E65: =VLOOKUP(A65,PRODUCTOS!A:A,1,FALSE) -> ML-MOCH13N
A66: ML-MOCH13R | B66: 20300 | C66: 209 | E66: =VLOOKUP(A66,PRODUCTOS!A:A,1,FALSE) -> ML-MOCH13R
A67: ML-MOCH14A | B67: 22900 | C67: 97 | E67: =VLOOKUP(A67,PRODUCTOS!A:A,1,FALSE) -> ML-MOCH14A
A68: ML-MOCH14L | B68: 22900 | C68: 55 | D68: 0 | E68: =VLOOKUP(A68,PRODUCTOS!A:A,1,FALSE) -> ML-MOCH14L
A69: ML-MOCH14N | B69: 22900 | C69: 63 | E69: =VLOOKUP(A69,PRODUCTOS!A:A,1,FALSE) -> ML-MOCH14N
A70: ML-MOCH14R | B70: 22900 | C70: 65 | E70: =VLOOKUP(A70,PRODUCTOS!A:A,1,FALSE) -> ML-MOCH14R
A71: ML-MOCH15A | B71: 20350 | C71: 98 | E71: =VLOOKUP(A71,PRODUCTOS!A:A,1,FALSE) -> ML-MOCH15A
A72: ML-MOCH15N | B72: 20350 | C72: 18 | E72: =VLOOKUP(A72,PRODUCTOS!A:A,1,FALSE) -> ML-MOCH15N
A73: ML-MOCH15R | B73: 20350 | C73: 232 | E73: =VLOOKUP(A73,PRODUCTOS!A:A,1,FALSE) -> ML-MOCH15R
A74: ML-MOCH15V | B74: 20350 | C74: 239 | E74: =VLOOKUP(A74,PRODUCTOS!A:A,1,FALSE) -> ML-MOCH15V
A75: ML-MOCH18A | B75: 32900 | C75: 106 | E75: =VLOOKUP(A75,PRODUCTOS!A:A,1,FALSE) -> ML-MOCH18A
A76: ML-MOCH18N | B76: 32900 | C76: 70 | E76: =VLOOKUP(A76,PRODUCTOS!A:A,1,FALSE) -> ML-MOCH18N
A77: ML-MOCH18R | B77: 32900 | C77: 31 | E77: =VLOOKUP(A77,PRODUCTOS!A:A,1,FALSE) -> ML-MOCH18R
A78: ML-MOCH19G | B78: 24900 | C78: 34 | E78: =VLOOKUP(A78,PRODUCTOS!A:A,1,FALSE) -> ML-MOCH19G
A79: ML-MOCH19N | B79: 24900 | C79: 19 | E79: =VLOOKUP(A79,PRODUCTOS!A:A,1,FALSE) -> ML-MOCH19N
A80: ML-MOCH20A | B80: 12900 | C80: 81 | E80: =VLOOKUP(A80,PRODUCTOS!A:A,1,FALSE) -> ML-MOCH20A
... A122: ML-ORG04B | B122: 22900 | C122: 195 | E122: =VLOOKUP(A122,PRODUCTOS!A:A,1,FALSE) -> ML-ORG04B
A123: ML-ORG04W | B123: 22900 | C123: 274 | D123: 0 | E123: =VLOOKUP(A123,PRODUCTOS!A:A,1,FALSE) -> ML-ORG04W
A124: ML-ORG05B | B124: 13900 | C124: 104 | E124: =VLOOKUP(A124,PRODUCTOS!A:A,1,FALSE) -> ML-ORG05B
A125: ML-ORG05W | B125: 13900 | C125: 129 | E125: =VLOOKUP(A125,PRODUCTOS!A:A,1,FALSE) -> ML-ORG05W
A126: ML-ORG06B | B126: 16900 | C126: 83 | E126: =VLOOKUP(A126,PRODUCTOS!A:A,1,FALSE) -> ML-ORG06B
A127: ML-ORG06W | B127: 16900 | C127: 78 | E127: =VLOOKUP(A127,PRODUCTOS!A:A,1,FALSE) -> ML-ORG06W
A128: ML-ORG07B | B128: 9900 | C128: 123 | E128: =VLOOKUP(A128,PRODUCTOS!A:A,1,FALSE) -> ML-ORG07B
A129: ML-ORG08B | B129: 11900 | C129: 110 | E129: =VLOOKUP(A129,PRODUCTOS!A:A,1,FALSE) -> ML-ORG08B
A130: ML-ORG09S | B130: 29900 | C130: 72 | E130: =VLOOKUP(A130,PRODUCTOS!A:A,1,FALSE) -> ML-ORG09S
A131: ML-ORG10B | B131: 12900 | C131: 20 | E131: =VLOOKUP(A131,PRODUCTOS!A:A,1,FALSE) -> ML-ORG10B
A132: ML-ORG10P | B132: 12900 | C132: 58 | E132: =VLOOKUP(A132,PRODUCTOS!A:A,1,FALSE) -> ML-ORG10P
A133: ML-ORG11P | B133: 15900 | C133: 60 | E133: =VLOOKUP(A133,PRODUCTOS!A:A,1,FALSE) -> ML-ORG11P
A134: ML-ORG14B | B134: 12900 | C134: 58 | E134: =VLOOKUP(A134,PRODUCTOS!A:A,1,FALSE) -> ML-ORG14B
A135: ML-ORG15B | B135: 13900 | C135: 81 | E135: =VLOOKUP(A135,PRODUCTOS!A:A,1,FALSE) -> ML-ORG15B
... A139: ML-PAR-1 | B139: 14900 | C139: 303 | E139: =VLOOKUP(A139,PRODUCTOS!A:A,1,FALSE) -> ML-PAR-1
A140: ML-PAR-10 | B140: 14900 | C140: 67 | D140: 0 | E140: =VLOOKUP(A140,PRODUCTOS!A:A,1,FALSE) -> ML-PAR-10
A141: ML-PAR-4 | B141: 14900 | C141: 124 | E141: =VLOOKUP(A141,PRODUCTOS!A:A,1,FALSE) -> ML-PAR-4
A142: ML-PAR-5 | B142: 14900 | C142: 280 | E142: =VLOOKUP(A142,PRODUCTOS!A:A,1,FALSE) -> ML-PAR-5
A143: ML-PAR-6 | B143: 14900 | C143: 216 | E143: =VLOOKUP(A143,PRODUCTOS!A:A,1,FALSE) -> ML-PAR-6
A144: ML-PAR-7 | B144: 14900 | C144: 162 | E144: =VLOOKUP(A144,PRODUCTOS!A:A,1,FALSE) -> ML-PAR-7
...

Sheet CALC casio
A1: ART_COD | B1: ART_PRE | C1: ART_STK | D1: ART_STKT | E1: PRODUCTOS | H1: NO VENDER | L1: ART_COD | M1: CODCASIO
A2: AX-120B | B2: 27500 | C2: 52 | E2: =VLOOKUP(A2,PRODUCTOS!A:A,1,FALSE) -> AX-120B | H2: D-AU303-GD | L2: AX120B | M2: AX-120B
A3: AX-120ST | B3: 36500 | C3: 12 | E3: =VLOOKUP(A3,PRODUCTOS!A:A,1,FALSE) -> AX-120ST | H3: D-AU303-RG | L3: DX12B | M3: DX-12B-BK
A4: DX-120B | B4: 33500 | C4: 2 | E4: =VLOOKUP(A4,PRODUCTOS!A:A,1,FALSE) -> DX-120B | H4: D-AU307-BK | L4: DX12B-WE | M4: DX-12B-WE
A5: DX-120B | B5: 33900 | C5: 40 | E5: =VLOOKUP(A5,PRODUCTOS!A:A,1,FALSE) -> DX-120B | H5: D-AU307-GN | L5: FX570ESP2B | M5: FX-570ESPLUS2BU
A6: DX-12B-BK | B6: 30900 | C6: 46 | E6: =VLOOKUP(A6,PRODUCTOS!A:A,1,FALSE) -> DX-12B-BK | H6: D-AU307-PK | L6: FX570ESP2P | M6: FX-570ESPLUS2PK
A7: DX-12B-WE | B7: 30900 | C7: 41 | E7: =VLOOKUP(A7,PRODUCTOS!A:A,1,FALSE) -> #N/A | H7: D-AU307-PU | L7: FX570ESPL2 | M7: FX-570ESPLUS2
A8: FX-570ESPLUS2BU | B8: 61900 | C8: 112 | E8: =VLOOKUP(A8,PRODUCTOS!A:A,1,FALSE) -> FX-570ESPLUS2BU | H8: D-AU308-GN | L8: FX570LAC-W | M8: FX-570LAC-W
A9: FX-570ESPLUS2PK | B9: 61900 | C9: 81 | E9: =VLOOKUP(A9,PRODUCTOS!A:A,1,FALSE) -> FX-570ESPLUS2PK | H9: D-AU308-PK | L9: FX82ESPL-B | M9: FX-82ESPLUS2-BU
A10: FX-570ESPLUS2 | B10: 61900 | C10: 201 | E10: =VLOOKUP(A10,PRODUCTOS!A:A,1,FALSE) -> FX-570ESPLUS2 | L10: FX82ESPL-P | M10: FX-82ESPLUS2-PK
A11: FX-570LAC-W | B11: 79500 | C11: 40 | E11: =VLOOKUP(A11,PRODUCTOS!A:A,1,FALSE) -> FX-570LAC-W | L11: FX82ESPLU2 | M11: FX-82ESPLUS2
A12: FX-570LAPLUS2 | B12: 61900 | C12: 200 | E12: =VLOOKUP(A12,PRODUCTOS!A:A,1,FALSE) -> #N/A | G12: REEMPLAZAR TODOS LOS "/" POR "-" EN ART_COD | L12: FX82LACW-W | M12: FX-82LACW-W
A13: FX-570MS-2 | B13: 56500 | C13: 40 | E13: =VLOOKUP(A13,PRODUCTOS!A:A,1,FALSE) -> #N/A | L13: FX82LAP2BU | M13: FX-82LAPLUS2-BU
A14: FX-82ESPLUS2-BU | B14: 37900 | C14: 80 | E14: =VLOOKUP(A14,PRODUCTOS!A:A,1,FALSE) -> FX-82ESPLUS2-BU | G14: REEMPLAZAR TODOS LOS "+" POR "-" EN ART_COD | L14: FX82LAP2PK | M14: FX-82LAPLUS2-PK
A15: FX-82ESPLUS2-PK | B15: 37900 | C15: 80 | E15: =VLOOKUP(A15,PRODUCTOS!A:A,1,FALSE) -> FX-82ESPLUS2-PK | L15: FX82MS-2 | M15: FX-82MS-2
A16: FX-82ESPLUS2 | B16: 37900 | C16: 120 | E16: =VLOOKUP(A16,PRODUCTOS!A:A,1,FALSE) -> FX-82ESPLUS2 | L16: FX95ESPLU2 | M16: FX-95ESPLUS2
A17: FX-82LACW-W | B17: 47500 | C17: 119 | E17: =VLOOKUP(A17,PRODUCTOS!A:A,1,FALSE) -> FX-82LACW-W | L17: FX95MS-2 | M17: FX-95MS-2
A18: FX-82LAPLUS2-BK | B18: 37900 | C18: 80 | E18: =VLOOKUP(A18,PRODUCTOS!A:A,1,FALSE) -> FX-82LAPLUS2-BK | L18: FX991ESP-B | M18: FX-991ESPLUS2BU
A19: FX-82LAPLUS2-BU | B19: 37900 | C19: 98 | E19: =VLOOKUP(A19,PRODUCTOS!A:A,1,FALSE) -> FX-82LAPLUS2-BU | L19: FX991ESP-P | M19: FX-991ESPLUS2PK
A20: FX-82LAPLUS2-PK | B20: 37900 | C20: 22 | D20: 0 | E20: =VLOOKUP(A20,PRODUCTOS!A:A,1,FALSE) -> FX-82LAPLUS2-PK | L20: FX991ESPL2 | M20: FX-991ESPLUS2
A21: FX-82MS-2 | B21: 32500 | C21: 527 | D21: 0 | E21: =VLOOKUP(A21,PRODUCTOS!A:A,1,FALSE) -> FX-82MS-2 | L21: GX12B | M21: GX-12B-BK
A22: FX-82MS-2-PK | B22: 32500 | C22: 80 | E22: =VLOOKUP(A22,PRODUCTOS!A:A,1,FALSE) -> #N/A | L22: GX12B-WE | M22: GX-12B-WE
A23: FX-95ESPLUS2 | B23: 45500 | C23: 196 | E23: =VLOOKUP(A23,PRODUCTOS!A:A,1,FALSE) -> FX-95ESPLUS2 | L23: HR100RC | M23: HR-100RC
A24: FX-95MS-2 | B24: 42500 | C24: 304 | E24: =VLOOKUP(A24,PRODUCTOS!A:A,1,FALSE) -> FX-95MS-2 | L24: HR150RC | M24: HR-150RC
A25: FX-991ESPLUS2BU | B25: 69900 | C25: 119 | E25: =VLOOKUP(A25,PRODUCTOS!A:A,1,FALSE) -> FX-991ESPLUS2BU | L25: HR8RC-BK | M25: HR-8RC-BK
A26: FX-991ESPLUS2PK | B26: 69900 | C26: 116 | E26: =VLOOKUP(A26,PRODUCTOS!A:A,1,FALSE) -> FX-991ESPLUS2PK | L26: HR8RC-WE | M26: HR-8RC-WE
A27: FX-991ESPLUS2 | B27: 69900 | C27: 242 | E27: =VLOOKUP(A27,PRODUCTOS!A:A,1,FALSE) -> FX-991ESPLUS2 | L27: IR-40(B) | M27: IR-40(B)
A28: FX-991LACW | B28: 88500 | C28: 122 | D28: 0 | E28: =VLOOKUP(A28,PRODUCTOS!A:A,1,FALSE) -> FX-991LACW | L28: IR-40(T) | M28: IR-40T(R/B)
A29: FX-991LAPLUS2 | B29: 69900 | C29: 138 | E29: =VLOOKUP(A29,PRODUCTOS!A:A,1,FALSE) -> FX-991LAPLUS2 | L29: LC160LV-BK | M29: LC-160LV-BK
A30: GX-12B-BK | B30: 35500 | C30: 6 | E30: =VLOOKUP(A30,PRODUCTOS!A:A,1,FALSE) -> GX-12B-BK | L30: LC160LV-WE | M30: LC-160LV-WE
A31: GX-12B-WE | B31: 35500 | C31: 30 | E31: =VLOOKUP(A31,PRODUCTOS!A:A,1,FALSE) -> GX-12B-WE | L31: MS120FM | M31: MS-120FM
A32: HR-100RC | B32: 118500 | C32: 40 | E32: =VLOOKUP(A32,PRODUCTOS!A:A,1,FALSE) -> HR-100RC | L32: MS20UC-LB | M32: MS-20UC-LB
A33: HR-150RC | B33: 148500 | C33: 14 | E33: =VLOOKUP(A33,PRODUCTOS!A:A,1,FALSE) -> HR-150RC | L33: MS20UC-PK | M33: MS-20UC-PK
A34: HR-8RC-WE | B34: 86500 | C34: 25 | E34: =VLOOKUP(A34,PRODUCTOS!A:A,1,FALSE) -> HR-8RC-WE
A35: LC-160LV-BK | B35: 7500 | C35: 289 | E35: =VLOOKUP(A35,PRODUCTOS!A:A,1,FALSE) -> LC-160LV-BK
A36: LC-160LV-WE | B36: 7500 | C36: 88 | E36: =VLOOKUP(A36,PRODUCTOS!A:A,1,FALSE) -> LC-160LV-WE
A37: MS-20UC-BU | B37: 25500 | C37: 20 | E37: =VLOOKUP(A37,PRODUCTOS!A:A,1,FALSE) -> MS-20UC-BU | L37: MX12B-GNRD | M37: MX-12B-GNRD
A38: MS-20UC-GN | B38: 25500 | C38: 20 | E38: =VLOOKUP(A38,PRODUCTOS!A:A,1,FALSE) -> MS-20UC-GN | L38: MX12B-PKLB | M38: MX-12B-PKLB
A39: MS-20UC-LB | B39: 25500 | C39: 12 | E39: =VLOOKUP(A39,PRODUCTOS!A:A,1,FALSE) -> MS-20UC-LB | L39: MX12B-WE | M39: MX-12B-WE
A40: MS-20UC-PK | B40: 25500 | C40: 4 | E40: =VLOOKUP(A40,PRODUCTOS!A:A,1,FALSE) -> MS-20UC-PK | L40: XR-18WE1 | M40: XR-18WE1
A41: MS-20UC-RD | B41: 25500 | C41: 17 | E41: =VLOOKUP(A41,PRODUCTOS!A:A,1,FALSE) -> MS-20UC-RD | L41: XR-9WE1 | M41: XR-9WE1
A42: MS-20UC-RG | B42: 25500 | C42: 20 | E42: =VLOOKUP(A42,PRODUCTOS!A:A,1,FALSE) -> MS-20UC-RG | L42: XR-9X1 | M42: XR-9X1
A43: MS-20UC-WE | B43: 25500 | C43: 7 | E43: =VLOOKUP(A43,PRODUCTOS!A:A,1,FALSE) -> MS-20UC-WE | L43: XR-9YW1 | M43: XR-9YW1
A44: MS-20UC-YG | B44: 25500 | C44: 20 | E44: =VLOOKUP(A44,PRODUCTOS!A:A,1,FALSE) -> MS-20UC-YG
A45: MS-7UC-LB | B45: 19500 | C45: 20 | E45: =VLOOKUP(A45,PRODUCTOS!A:A,1,FALSE) -> MS-7UC-LB
A46: MS-7UC-PK | B46: 19500 | C46: 20 | E46: =VLOOKUP(A46,PRODUCTOS!A:A,1,FALSE) -> MS-7UC-PK
A47: MS-7UC-RD | B47: 19500 | C47: 8 | E47: =VLOOKUP(A47,PRODUCTOS!A:A,1,FALSE) -> MS-7UC-RD
A48: MS-7UC-YG | B48: 19500 | C48: 20 | E48: =VLOOKUP(A48,PRODUCTOS!A:A,1,FALSE) -> MS-7UC-YG
A49: MX-120B | B49: 21500 | C49: 120 | E49: =VLOOKUP(A49,PRODUCTOS!A:A,1,FALSE) -> MX-120B
A50: MX-12B | B50: 18500 | C50: 40 | E50: =VLOOKUP(A50,PRODUCTOS!A:A,1,FALSE) -> #N/A
A51: MX-12B-GN | B51: 18500 | C51: 13 | E51: =VLOOKUP(A51,PRODUCTOS!A:A,1,FALSE) -> MX-12B-GN
A52: MX-12B-GNRD | B52: 18500 | C52: 39 | E52: =VLOOKUP(A52,PRODUCTOS!A:A,1,FALSE) -> MX-12B-GNRD
A53: MX-12B-PKLB | B53: 18500 | C53: 37 | E53: =VLOOKUP(A53,PRODUCTOS!A:A,1,FALSE) -> MX-12B-PKLB
A54: MX-12B-WE | B54: 18500 | C54: 40 | E54: =VLOOKUP(A54,PRODUCTOS!A:A,1,FALSE) -> MX-12B-WE
A55: XR-9X1 | B55: 13900 | C55: 541 | E55: =VLOOKUP(A55,PRODUCTOS!A:A,1,FALSE) -> #N/A
F362: AX120B | G362: AX-120B
F363: DX12B | G363: DX-12B-BK
F364: DX12B-WE | G364: DX-12B-WE
F365: FX570ESP2B | G365: FX-570ESPLUS2BU
F366: FX570ESP2P | G366: FX-570ESPLUS2PK
F367: FX570ESPL2 | G367: FX-570ESPLUS2
F368: FX82ESPL-B | G368: FX-82ESPLUS2-BU
F369: FX82ESPL-P | G369: FX-82ESPLUS2-PK
F370: FX82ESPLU2 | G370: FX-82ESPLUS2
F371: FX82LACW-W | G371: FX-82LACW-W
F372: FX82LAP2BU | G372: FX-82LAPLUS2-BU
F373: FX82LAP2PK | G373: FX-82LAPLUS2-PK
... F396: MX12B-WE | G396: MX-12B-WE

Sheet CALC daihatsu
A1: ART_COD | B1: ART_PRE | C1: ART_STK | D1: ART_STKT | E1: PRODUCTOS | H1: NO VENDER | L1: ART_COD | M1: CODCASIO
A2: D-CB100 | B2: 71900 | C2: 2135 | D2: 0 | E2: =VLOOKUP(A2,PRODUCTOS!A:A,1,FALSE) -> D-CB100 | H2: D-AU303-GD | L2: AX120B | M2: AX-120B
A3: D-CB2000 | B3: 119900 | C3: 398 | E3: =VLOOKUP(A3,PRODUCTOS!A:A,1,FALSE) -> D-CB2000 | H3: D-AU303-RG | L3: DX12B | M3: DX-12B-BK
A4: D-CB210 | B4: 89900 | C4: 1029 | E4: =VLOOKUP(A4,PRODUCTOS!A:A,1,FALSE) -> D-CB210 | H4: D-AU307-BK | L4: DX12B-WE | M4: DX-12B-WE
A5: D-CB3000-C | B5: 759900 | C5: 34 | E5: =VLOOKUP(A5,PRODUCTOS!A:A,1,FALSE) -> D-CB3000-C | H5: D-AU307-GN | L5: FX570ESP2B | M5: FX-570ESPLUS2BU
A6: D-CB40 | B6: 35900 | C6: 2323 | E6: =VLOOKUP(A6,PRODUCTOS!A:A,1,FALSE) -> D-CB40 | H6: D-AU307-PK | L6: FX570ESP2P | M6: FX-570ESPLUS2PK
A7: D-E1200T | B7: 15900 | C7: 186 | E7: =VLOOKUP(A7,PRODUCTOS!A:A,1,FALSE) -> D-E1200T | H7: D-AU307-PU | L7: FX570ESPL2 | M7: FX-570ESPLUS2
A8: D-E1205 | B8: 15900 | C8: 279 | D8: 0 | E8: =VLOOKUP(A8,PRODUCTOS!A:A,1,FALSE) -> D-E1205 | H8: D-AU308-GN | L8: FX570LAC-W | M8: FX-570LAC-W
A9: D-E1240-B | B9: 16900 | C9: 235 | D9: 30 | E9: =VLOOKUP(A9,PRODUCTOS!A:A,1,FALSE) -> D-E1240-B | H9: D-AU308-PK | L9: FX82ESPL-B | M9: FX-82ESPLUS2-BU
A10: D-E1240-W | B10: 16900 | C10: 177 | D10: 0 | E10: =VLOOKUP(A10,PRODUCTOS!A:A,1,FALSE) -> D-E1240-W | L10: FX82ESPL-P | M10: FX-82ESPLUS2-PK
A11: D-E1275-BK | B11: 13900 | C11: 364 | E11: =VLOOKUP(A11,PRODUCTOS!A:A,1,FALSE) -> D-E1275-BK | L11: FX82ESPLU2 | M11: FX-82ESPLUS2
A12: D-E1275-WE | B12: 13900 | C12: 78 | E12: =VLOOKUP(A12,PRODUCTOS!A:A,1,FALSE) -> D-E1275-WE | G12: REEMPLAZAR TODOS LOS "/" POR "-" EN ART_COD | L12: FX82LACW-W | M12: FX-82LACW-W
A13: D-E1280-BK | B13: 13900 | C13: 526 | E13: =VLOOKUP(A13,PRODUCTOS!A:A,1,FALSE) -> D-E1280-BK | L13: FX82LAP2BU | M13: FX-82LAPLUS2-BU
A14: D-E1280-WE | B14: 13900 | C14: 207 | E14: =VLOOKUP(A14,PRODUCTOS!A:A,1,FALSE) -> D-E1280-WE | G14: REEMPLAZAR TODOS LOS "+" POR "-" EN ART_COD | L14: FX82LAP2PK | M14: FX-82LAPLUS2-PK
A15: D-E1285-BK | B15: 16900 | C15: 638 | E15: =VLOOKUP(A15,PRODUCTOS!A:A,1,FALSE) -> D-E1285-BK | L15: FX82MS-2 | M15: FX-82MS-2
A16: D-E1285-WE | B16: 16900 | C16: 245 | E16: =VLOOKUP(A16,PRODUCTOS!A:A,1,FALSE) -> D-E1285-WE | L16: FX95ESPLU2 | M16: FX-95ESPLUS2
A17: D-I100T-BK | B17: 104900 | C17: 603 | E17: =VLOOKUP(A17,PRODUCTOS!A:A,1,FALSE) -> D-I100T-BK | L17: FX95MS-2 | M17: FX-95MS-2
A18: D-I100T-WE | B18: 104900 | C18: 448 | D18: 0 | E18: =VLOOKUP(A18,PRODUCTOS!A:A,1,FALSE) -> D-I100T-WE | L18: FX991ESP-B | M18: FX-991ESPLUS2BU
A19: D-I200TH-B | B19: 139900 | C19: 250 | E19: =VLOOKUP(A19,PRODUCTOS!A:A,1,FALSE) -> D-I200TH-B | L19: FX991ESP-P | M19: FX-991ESPLUS2PK
A20: D-I200TH-W | B20: 139900 | C20: 394 | E20: =VLOOKUP(A20,PRODUCTOS!A:A,1,FALSE) -> D-I200TH-W | L20: FX991ESPL2 | M20: FX-991ESPLUS2
A21: D-I8T-BK | B21: 74900 | C21: 282 | D21: 4 | E21: =VLOOKUP(A21,PRODUCTOS!A:A,1,FALSE) -> D-I8T-BK | L21: GX12B | M21: GX-12B-BK
A22: D-I8T-WE | B22: 74900 | C22: 72 | D22: 91 | E22: =VLOOKUP(A22,PRODUCTOS!A:A,1,FALSE) -> D-I8T-WE | L22: GX12B-WE | M22: GX-12B-WE
A23: D-P1013B | B23: 8900 | C23: 129 | E23: =VLOOKUP(A23,PRODUCTOS!A:A,1,FALSE) -> D-P1013B | L23: HR100RC | M23: HR-100RC
A24: D-P1013W | B24: 8900 | C24: 349 | E24: =VLOOKUP(A24,PRODUCTOS!A:A,1,FALSE) -> D-P1013W | L24: HR150RC | M24: HR-150RC
A25: D-P803 | B25: 5900 | C25: 482 | D25: 628 | E25: =VLOOKUP(A25,PRODUCTOS!A:A,1,FALSE) -> D-P803 | L25: HR8RC-BK | M25: HR-8RC-BK
A26: D-P803S | B26: 6900 | C26: 377 | D26: 588 | E26: =VLOOKUP(A26,PRODUCTOS!A:A,1,FALSE) -> D-P803S | L26: HR8RC-WE | M26: HR-8RC-WE
A27: D-X570LAPLUS | B27: 36900 | C27: 429 | D27: 73 | E27: =VLOOKUP(A27,PRODUCTOS!A:A,1,FALSE) -> D-X570LAPLUS | L27: IR-40(B) | M27: IR-40(B)
A28: D-X82 | B28: 16900 | C28: 1000 | E28: =VLOOKUP(A28,PRODUCTOS!A:A,1,FALSE) -> D-X82 | L28: LC160LV-WE | M28: LC-160LV-WE
A29: D-X95 | B29: 19900 | C29: 1000 | E29: =VLOOKUP(A29,PRODUCTOS!A:A,1,FALSE) -> D-X95 | L29: MS20UC-LB | M29: MS-20UC-LB
L30: MS20UC-PK | M30: MS-20UC-PK
L31: MS20UC-RD | M31: MS-20UC-RD
L32: MS20UC-WE | M32: MS-20UC-WE
L33: MW8V-BK | M33: MW-8V-BK
L34: MW8V-WE | M34: MW-8V-WE
L35: MX120B | M35: MX-120B
L36: MX12B-GNRD | M36: MX-12B-GNRD
L37: MX12B-PKLB | M37: MX-12B-PKLB
L38: MX12B-WE | M38: MX-12B-WE
L39: XR-18WE1 | M39: XR-18WE1
L40: XR-9WE1 | M40: XR-9WE1
L41: XR-9X1 | M41: XR-9X1
L42: XR-9YW1 | M42: XR-9YW1
F364: AX120B | G364: AX-120B
F365: DX12B | G365: DX-12B-BK
F366: DX12B-WE | G366: DX-12B-WE
F367: FX570ESP2B | G367: FX-570ESPLUS2BU
F368: FX570ESP2P | G368: FX-570ESPLUS2PK
F369: FX570ESPL2 | G369: FX-570ESPLUS2
F370: FX82ESPL-B | G370: FX-82ESPLUS2-BU
F371: FX82ESPL-P | G371: FX-82ESPLUS2-PK
F372: FX82ESPLU2 | G372: FX-82ESPLUS2
F373: FX82LACW-W | G373: FX-82LACW-W
F374: FX82LAP2BU | G374: FX-82LAPLUS2-BU
F375: FX82LAP2PK | G375: FX-82LAPLUS2-PK
... F398: MX12B-WE | G398: MX-12B-WE

Sheet STKAUX (sistema)
A1: ART_COD | B1: ART_PRE | C1: ART_STK | D1: ART_STKT | E1: PRODUCTOS | H1: NO VENDER | L1: ART_COD | M1: CODCASIO
A2: D-AF6500-B | B2: 87900 | C2: 876 | E2: =VLOOKUP(A2,PRODUCTOS!A:A,1,FALSE) -> D-AF6500-B | H2: D-AU303-GD | L2: AX120B | M2: AX-120B
A3: D-AF6510-B | B3: 79900 | C3: 874 | E3: =VLOOKUP(A3,PRODUCTOS!A:A,1,FALSE) -> D-AF6510-B | H3: D-AU303-RG | L3: DX12B | M3: DX-12B-BK
A4: D-AF6510-W | B4: 79900 | C4: 892 | E4: =VLOOKUP(A4,PRODUCTOS!A:A,1,FALSE) -> D-AF6510-W | H4: D-AU307-BK | L4: DX12B-WE | M4: DX-12B-WE
A5: D-AS100 | B5: 21900 | C5: 803 | D5: 0 | E5: =VLOOKUP(A5,PRODUCTOS!A:A,1,FALSE) -> D-AS100 | H5: D-AU307-GN | L5: FX570ESP2B | M5: FX-570ESPLUS2BU
A6: D-AS101 | B6: 30900 | C6: 857 | E6: =VLOOKUP(A6,PRODUCTOS!A:A,1,FALSE) -> D-AS101 | H6: D-AU307-PK | L6: FX570ESP2P | M6: FX-570ESPLUS2PK
A7: D-AS102 | B7: 33900 | C7: 636 | E7: =VLOOKUP(A7,PRODUCTOS!A:A,1,FALSE) -> D-AS102 | H7: D-AU307-PU | L7: FX570ESPL2 | M7: FX-570ESPLUS2
A8: D-AS200 | B8: 135900 | C8: 922 | E8: =VLOOKUP(A8,PRODUCTOS!A:A,1,FALSE) -> D-AS200 | H8: D-AU308-GN | L8: FX570LAC-W | M8: FX-570LAC-W
A9: D-AS201 | B9: 145900 | C9: 966 | E9: =VLOOKUP(A9,PRODUCTOS!A:A,1,FALSE) -> D-AS201 | H9: D-AU308-PK | L9: FX82ESPL-B | M9: FX-82ESPLUS2-BU
A10: D-AS300 | B10: 57900 | C10: 951 | E10: =VLOOKUP(A10,PRODUCTOS!A:A,1,FALSE) -> D-AS300 | L10: FX82ESPL-P | M10: FX-82ESPLUS2-PK
A11: D-AS400 | B11: 74900 | C11: 832 | E11: =VLOOKUP(A11,PRODUCTOS!A:A,1,FALSE) -> D-AS400 | L11: FX82ESPLU2 | M11: FX-82ESPLUS2
A12: D-AS500 | B12: 89900 | C12: 844 | E12: =VLOOKUP(A12,PRODUCTOS!A:A,1,FALSE) -> D-AS500 | G12: REEMPLAZAR TODOS LOS "/" POR "-" EN ART_COD | L12: FX82LACW-W | M12: FX-82LACW-W
A13: D-AU100-BK | B13: 3700 | C13: 1641 | E13: =VLOOKUP(A13,PRODUCTOS!A:A,1,FALSE) -> D-AU100-BK | L13: FX82LAP2BU | M13: FX-82LAPLUS2-BU
A14: D-AU100-WE | B14: 3700 | C14: 668 | E14: =VLOOKUP(A14,PRODUCTOS!A:A,1,FALSE) -> D-AU100-WE | G14: REEMPLAZAR TODOS LOS "+" POR "-" EN ART_COD | L14: FX82LAP2PK | M14: FX-82LAPLUS2-PK
A15: D-AU102-WE | B15: 9900 | C15: 701 | E15: =VLOOKUP(A15,PRODUCTOS!A:A,1,FALSE) -> D-AU102-WE | L15: FX82MS-2 | M15: FX-82MS-2
A16: D-AU103-BR | B16: 3700 | C16: 232 | E16: =VLOOKUP(A16,PRODUCTOS!A:A,1,FALSE) -> D-AU103-BR | L16: FX95ESPLU2 | M16: FX-95ESPLUS2
A17: D-AU104-BK | B17: 3700 | C17: 530 | E17: =VLOOKUP(A17,PRODUCTOS!A:A,1,FALSE) -> D-AU104-BK | L17: FX95MS-2 | M17: FX-95MS-2
A18: D-AU106-BR | B18: 3700 | C18: 681 | E18: =VLOOKUP(A18,PRODUCTOS!A:A,1,FALSE) -> D-AU106-BR | L18: FX991ESP-B | M18: FX-991ESPLUS2BU
A19: D-AU107-BK | B19: 3700 | C19: 1302 | E19: =VLOOKUP(A19,PRODUCTOS!A:A,1,FALSE) -> D-AU107-BK | L19: FX991ESP-P | M19: FX-991ESPLUS2PK
A20: D-AU310-BK | B20: 21900 | C20: 825 | E20: =VLOOKUP(A20,PRODUCTOS!A:A,1,FALSE) -> #N/A | L20: FX991ESPL2 | M20: FX-991ESPLUS2
A21: D-AU315-BK | B21: 25500 | C21: 838 | E21: =VLOOKUP(A21,PRODUCTOS!A:A,1,FALSE) -> D-AU315-BK | L21: GX12B | M21: GX-12B-BK
A22: D-AU401 | B22: 22900 | C22: 56 | E22: =VLOOKUP(A22,PRODUCTOS!A:A,1,FALSE) -> #N/A | L22: GX12B-WE | M22: GX-12B-WE
A23: D-AU402 | B23: 15900 | C23: 262 | E23: =VLOOKUP(A23,PRODUCTOS!A:A,1,FALSE) -> #N/A | L23: HR100RC | M23: HR-100RC
A24: D-AU512-BK | B24: 14900 | C24: 786 | E24: =VLOOKUP(A24,PRODUCTOS!A:A,1,FALSE) -> D-AU512-BK | L24: HR150RC | M24: HR-150RC
A25: D-AU513-BK | B25: 15900 | C25: 711 | E25: =VLOOKUP(A25,PRODUCTOS!A:A,1,FALSE) -> D-AU513-BK | L25: HR8RC-BK | M25: HR-8RC-BK
A26: D-AU515-BK | B26: 19900 | C26: 274 | E26: =VLOOKUP(A26,PRODUCTOS!A:A,1,FALSE) -> D-AU515-BK | L26: HR8RC-WE | M26: HR-8RC-WE
... A29: D-AU518-BK | B29: 19900 | C29: 229 | E29: =VLOOKUP(A29,PRODUCTOS!A:A,1,FALSE) -> D-AU518-BK | L29: LC160LV-BK | M29: LC-160LV-BK
A30: D-AU519-WE | B30: 17900 | C30: 690 | D30: 0 | E30: =VLOOKUP(A30,PRODUCTOS!A:A,1,FALSE) -> D-AU519-WE | L30: LC160LV-WE | M30: LC-160LV-WE
A31: D-BAT-V100 | B31: 208000 | C31: 50 | E31: =VLOOKUP(A31,PRODUCTOS!A:A,1,FALSE) -> D-BAT-V100 | L31: MS120FM | M31: MS-120FM
A32: D-BAT-V101 | B32: 208000 | C32: 50 | E32: =VLOOKUP(A32,PRODUCTOS!A:A,1,FALSE) -> D-BAT-V101 | L32: MS20UC-LB | M32: MS-20UC-LB
A33: D-BAT-V102 | B33: 292000 | C33: 30 | E33: =VLOOKUP(A33,PRODUCTOS!A:A,1,FALSE) -> D-BAT-V102 | L33: MS20UC-PK | M33: MS-20UC-PK
A34: D-BAT-V200 | B34: 585000 | C34: 20 | E34: =VLOOKUP(A34,PRODUCTOS!A:A,1,FALSE) -> D-BAT-V200 | L34: MS20UC-RD | M34: MS-20UC-RD
A35: D-BAT-V300 | B35: 338000 | C35: 20 | E35: =VLOOKUP(A35,PRODUCTOS!A:A,1,FALSE) -> D-BAT-V300 | L35: MS20UC-WE | M35: MS-20UC-WE
A36: D-BAT-V301 | B36: 533000 | C36: 20 | E36: =VLOOKUP(A36,PRODUCTOS!A:A,1,FALSE) -> D-BAT-V301 | L36: MW8V-BK | M36: MW-8V-BK
A37: D-CE18-BU | B37: 199900 | C37: 150 | E37: =VLOOKUP(A37,PRODUCTOS!A:A,1,FALSE) -> D-CE18-BU | L37: MW8V-WE | M37: MW-8V-WE
A38: D-CE24-BU | B38: 245900 | C38: 3 | E38: =VLOOKUP(A38,PRODUCTOS!A:A,1,FALSE) -> D-CE24-BU | L38: MX120B | M38: MX-120B
A39: D-CF1000 | B39: 29900 | C39: 875 | E39: =VLOOKUP(A39,PRODUCTOS!A:A,1,FALSE) -> D-CF1000 | L39: MX12B-GNRD | M39: MX-12B-GNRD
A40: D-CF2000 | B40: 159900 | C40: 731 | E40: =VLOOKUP(A40,PRODUCTOS!A:A,1,FALSE) -> D-CF2000 | L40: MX12B-PKLB | M40: MX-12B-PKLB
A41: D-CF3000 | B41: 369900 | C41: 88 | E41: =VLOOKUP(A41,PRODUCTOS!A:A,1,FALSE) -> D-CF3000 | L41: MX12B-WE | M41: MX-12B-WE
A42: D-CF4000-B | B42: 129900 | C42: 1065 | E42: =VLOOKUP(A42,PRODUCTOS!A:A,1,FALSE) -> D-CF4000-B | L42: XR-18WE1 | M42: XR-18WE1
... A45: D-COR150-S | B45: 94900 | C45: 245 | E45: =VLOOKUP(A45,PRODUCTOS!A:A,1,FALSE) -> D-COR150-S | L45: XR-9YW1 | M45: XR-9YW1
A46: D-CS01 | B46: 38900 | C46: 412 | E46: =VLOOKUP(A46,PRODUCTOS!A:A,1,FALSE) -> D-CS01
A47: D-CS02 | B47: 27900 | C47: 408 | E47: =VLOOKUP(A47,PRODUCTOS!A:A,1,FALSE) -> D-CS02
A48: D-CS03 | B48: 59900 | C48: 423 | E48: =VLOOKUP(A48,PRODUCTOS!A:A,1,FALSE) -> D-CS03
A49: D-ES300-B | B49: 49900 | C49: 923 | E49: =VLOOKUP(A49,PRODUCTOS!A:A,1,FALSE) -> D-ES300-B
A50: D-GA5-BU | B50: 149900 | C50: 111 | E50: =VLOOKUP(A50,PRODUCTOS!A:A,1,FALSE) -> D-GA5-BU
A51: D-GA5-GN | B51: 149900 | C51: 116 | E51: =VLOOKUP(A51,PRODUCTOS!A:A,1,FALSE) -> D-GA5-GN
A52: D-GA5-GY | B52: 149900 | C52: 90 | E52: =VLOOKUP(A52,PRODUCTOS!A:A,1,FALSE) -> D-GA5-GY
A53: D-GA5-RD | B53: 149900 | C53: 106 | D53: 0 | E53: =VLOOKUP(A53,PRODUCTOS!A:A,1,FALSE) -> D-GA5-RD
A54: D-GA5-WE | B54: 149900 | C54: 111 | E54: =VLOOKUP(A54,PRODUCTOS!A:A,1,FALSE) -> D-GA5-WE
A55: D-INV1000 | B55: 59900 | D55: 454 | E55: =VLOOKUP(A55,PRODUCTOS!A:A,1,FALSE) -> D-INV1000
A56: D-INV1500 | B56: 74900 | D56: 133 | E56: =VLOOKUP(A56,PRODUCTOS!A:A,1,FALSE) -> D-INV1500
A57: D-INV2000 | B57: 96900 | D57: 465 | E57: =VLOOKUP(A57,PRODUCTOS!A:A,1,FALSE) -> D-INV2000
A58: D-INV500 | B58: 40900 | D58: 919 | E58: =VLOOKUP(A58,PRODUCTOS!A:A,1,FALSE) -> D-INV500
A59: D-MC12 | B59: 63900 | C59: 287 | E59: =VLOOKUP(A59,PRODUCTOS!A:A,1,FALSE) -> D-MC12
A60: D-MW1-20MB | B60: 159900 | C60: 315 | D60: 0 | E60: =VLOOKUP(A60,PRODUCTOS!A:A,1,FALSE) -> D-MW1-20MB
A61: D-MW1-20MW | B61: 159900 | C61: 211 | D61: 0 | E61: =VLOOKUP(A61,PRODUCTOS!A:A,1,FALSE) -> D-MW1-20MW
A62: D-MW2-20M | B62: 159900 | C62: 586 | D62: 0 | E62: =VLOOKUP(A62,PRODUCTOS!A:A,1,FALSE) -> D-MW2-20M
A63: D-MW3-20D | B63: 179900 | C63: 507 | E63: =VLOOKUP(A63,PRODUCTOS!A:A,1,FALSE) -> D-MW3-20D
A64: D-MW4-25D | B64: 259900 | C64: 45 | E64: =VLOOKUP(A64,PRODUCTOS!A:A,1,FALSE) -> D-MW4-25D
A65: D-PI1200-B | B65: 84900 | C65: 232 | E65: =VLOOKUP(A65,PRODUCTOS!A:A,1,FALSE) -> D-PI1200-B
A66: D-PI1200-W | B66: 84900 | C66: 373 | E66: =VLOOKUP(A66,PRODUCTOS!A:A,1,FALSE) -> D-PI1200-W
A67: D-PR500-BK | B67: 33900 | C67: 1152 | E67: =VLOOKUP(A67,PRODUCTOS!A:A,1,FALSE) -> D-PR500-BK
A68: D-PR500-BU | B68: 33900 | C68: 1146 | E68: =VLOOKUP(A68,PRODUCTOS!A:A,1,FALSE) -> D-PR500-BU
A69: D-RK1 | B69: 19900 | C69: 1510 | D69: 0 | E69: =VLOOKUP(A69,PRODUCTOS!A:A,1,FALSE) -> D-RK1
A70: D-RK2 | B70: 19900 | C70: 1351 | E70: =VLOOKUP(A70,PRODUCTOS!A:A,1,FALSE) -> D-RK2
A71: D-RK3 | B71: 19900 | C71: 1301 | D71: 0 | E71: =VLOOKUP(A71,PRODUCTOS!A:A,1,FALSE) -> D-RK3
A72: D-RK7 | B72: 19900 | C72: 154 | D72: 0 | E72: =VLOOKUP(A72,PRODUCTOS!A:A,1,FALSE) -> D-RK7
A73: D-RK9 | B73: 19900 | C73: 1372 | D73: 0 | E73: =VLOOKUP(A73,PRODUCTOS!A:A,1,FALSE) -> D-RK9
A74: D-RP38-BK | B74: 39900 | C74: 2180 | E74: =VLOOKUP(A74,PRODUCTOS!A:A,1,FALSE) -> D-RP38-BK
A75: D-RP38-RD | B75: 39900 | C75: 755 | E75: =VLOOKUP(A75,PRODUCTOS!A:A,1,FALSE) -> D-RP38-RD
A76: D-RP38-WE | B76: 39900 | C76: 1416 | E76: =VLOOKUP(A76,PRODUCTOS!A:A,1,FALSE) -> D-RP38-WE
A77: D-RP400-BK | B77: 39900 | C77: 1149 | E77: =VLOOKUP(A77,PRODUCTOS!A:A,1,FALSE) -> D-RP400-BK
A78: D-RP400-RD | B78: 39900 | C78: 520 | E78: =VLOOKUP(A78,PRODUCTOS!A:A,1,FALSE) -> D-RP400-RD
A79: D-RP400-WE | B79: 39900 | C79: 1357 | D79: 0 | E79: =VLOOKUP(A79,PRODUCTOS!A:A,1,FALSE) -> D-RP400-WE
A80: D-RP50USB | B80: 27900 | C80: 1436 | E80: =VLOOKUP(A80,PRODUCTOS!A:A,1,FALSE) -> D-RP50USB
A81: D-RP60PROB | B81: 35900 | C81: 88 | E81: =VLOOKUP(A81,PRODUCTOS!A:A,1,FALSE) -> D-RP60PROB
A82: D-RP60PROS | B82: 35900 | C82: 129 | E82: =VLOOKUP(A82,PRODUCTOS!A:A,1,FALSE) -> D-RP60PROS
A83: D-RP61USB | B83: 30900 | C83: 1296 | D83: 0 | E83: =VLOOKUP(A83,PRODUCTOS!A:A,1,FALSE) -> D-RP61USB
A84: D-RUE-V100 | B84: 32500 | C84: 20 | E84: =VLOOKUP(A84,PRODUCTOS!A:A,1,FALSE) -> #N/A
A85: D-RUE-V101 | B85: 32500 | C85: 20 | E85: =VLOOKUP(A85,PRODUCTOS!A:A,1,FALSE) -> #N/A
A86: D-RUE-V102 | B86: 39000 | C86: 20 | E86: =VLOOKUP(A86,PRODUCTOS!A:A,1,FALSE) -> #N/A
A87: D-RUE-V200 | B87: 39000 | C87: 20 | D87: 0 | E87: =VLOOKUP(A87,PRODUCTOS!A:A,1,FALSE) -> #N/A
A88: D-RUE-V300 | B88: 52000 | C88: 20 | E88: =VLOOKUP(A88,PRODUCTOS!A:A,1,FALSE) -> #N/A
A89: D-S8000BT | B89: 42900 | C89: 207 | E89: =VLOOKUP(A89,PRODUCTOS!A:A,1,FALSE) -> D-S8000BT
A90: D-S8010BT | B90: 99900 | C90: 163 | E90: =VLOOKUP(A90,PRODUCTOS!A:A,1,FALSE) -> D-S8010BT
A91: D-S8020BT | B91: 169900 | C91: 454 | E91: =VLOOKUP(A91,PRODUCTOS!A:A,1,FALSE) -> D-S8020BT
A92: D-S8030BT | B92: 169900 | C92: 324 | E92: =VLOOKUP(A92,PRODUCTOS!A:A,1,FALSE) -> D-S8030BT
A93: D-SAR1500 | B93: 54900 | C93: 662 | E93: =VLOOKUP(A93,PRODUCTOS!A:A,1,FALSE) -> D-SAR1500
A94: D-SOP3275 | B94: 50900 | C94: 329 | E94: =VLOOKUP(A94,PRODUCTOS!A:A,1,FALSE) -> D-SOP3275
A95: D-SOPSL | B95: 37900 | C95: 97 | E95: =VLOOKUP(A95,PRODUCTOS!A:A,1,FALSE) -> D-SOPSL
A96: D-TA50 | B96: 179900 | C96: 361 | E96: =VLOOKUP(A96,PRODUCTOS!A:A,1,FALSE) -> D-TA50
A97: D-V100-BK | B97: 629900 | C97: 116 | E97: =VLOOKUP(A97,PRODUCTOS!A:A,1,FALSE) -> D-V100-BK
A98: D-V100-WE | B98: 629900 | C98: 32 | E98: =VLOOKUP(A98,PRODUCTOS!A:A,1,FALSE) -> D-V100-WE
A99: D-V101-BK | B99: 679900 | C99: 201 | E99: =VLOOKUP(A99,PRODUCTOS!A:A,1,FALSE) -> D-V101-BK
... A114: ML-ARM01G | B114: 41900 | C114: 508 | E114: =VLOOKUP(A114,PRODUCTOS!A:A,1,FALSE) -> ML-ARM01G
A115: ML-ARM02G | B115: 24900 | C115: 158 | D115: 0 | E115: =VLOOKUP(A115,PRODUCTOS!A:A,1,FALSE) -> #N/A
A116: ML-ARM03G | B116: 28900 | C116: 13 | E116: =VLOOKUP(A116,PRODUCTOS!A:A,1,FALSE) -> ML-ARM03G
A117: ML-ARM04G | B117: 36900 | C117: 30 | E117: =VLOOKUP(A117,PRODUCTOS!A:A,1,FALSE) -> ML-ARM04G
A118: ML-ARM05G | B118: 36900 | C118: 45 | E118: =VLOOKUP(A118,PRODUCTOS!A:A,1,FALSE) -> ML-ARM05G
...
